# Motor quantity = PULSE-DERIVED COMMANDED REFERENCE. Not ground truth, not an actual angle, not a measured motor angle. No encoder-position telemetry was logged.
# N is PER COMPARISON. Evaluation grids differ by comparison; see the evaluation_grid columns and README 'Detailed Result Tables'.
# Generated automatically from the same calculations as the wide tables.
# processing_level: STATIC | RAW_DYNAMIC | SG_SECONDARY | DISPLACEMENT_SCALE.
# SG_SECONDARY rows are a bandwidth-limited diagnostic and are NOT RAW accuracy.
axis,run,original_run_label,segment_type,segment_id,commanded_value,direction,comparison,processing_level,metric,value,n,evaluation_grid
board_x,board_x/axis_b_run01,run01_AXIS_B,hold,0,0.000000,initial,camera_commanded,STATIC,Bias,-0.007049,559,camera
board_x,board_x/axis_b_run01,run01_AXIS_B,hold,0,0.000000,initial,camera_commanded,STATIC,MaxAbs,0.040470,559,camera
board_x,board_x/axis_b_run01,run01_AXIS_B,hold,0,0.000000,initial,camera_commanded,STATIC,SD,0.013026,559,camera
board_x,board_x/axis_b_run01,run01_AXIS_B,hold,0,0.000000,initial,gravity_commanded,STATIC,Bias,0.000517,1542,imu
board_x,board_x/axis_b_run01,run01_AXIS_B,hold,0,0.000000,initial,gravity_commanded,STATIC,MaxAbs,0.658319,1542,imu
board_x,board_x/axis_b_run01,run01_AXIS_B,hold,0,0.000000,initial,gravity_commanded,STATIC,SD,0.225466,1542,imu
board_x,board_x/axis_b_run01,run01_AXIS_B,hold,0,0.000000,initial,camera_gravity,STATIC,Bias,-0.004073,559,camera (gravity tilt interpolated onto camera times)
board_x,board_x/axis_b_run01,run01_AXIS_B,hold,0,0.000000,initial,camera_gravity,STATIC,MaxAbs,0.481719,559,camera (gravity tilt interpolated onto camera times)
board_x,board_x/axis_b_run01,run01_AXIS_B,hold,0,0.000000,initial,camera_gravity,STATIC,SD,0.159895,559,camera (gravity tilt interpolated onto camera times)
board_x,board_x/axis_b_run01,run01_AXIS_B,hold,1,5.006250,ascending,camera_commanded,STATIC,Bias,0.309745,543,camera
board_x,board_x/axis_b_run01,run01_AXIS_B,hold,1,5.006250,ascending,camera_commanded,STATIC,MaxAbs,0.403349,543,camera
board_x,board_x/axis_b_run01,run01_AXIS_B,hold,1,5.006250,ascending,camera_commanded,STATIC,SD,0.046576,543,camera
board_x,board_x/axis_b_run01,run01_AXIS_B,hold,1,5.006250,ascending,gravity_commanded,STATIC,Bias,0.258572,1544,imu
board_x,board_x/axis_b_run01,run01_AXIS_B,hold,1,5.006250,ascending,gravity_commanded,STATIC,MaxAbs,1.238270,1544,imu
board_x,board_x/axis_b_run01,run01_AXIS_B,hold,1,5.006250,ascending,gravity_commanded,STATIC,SD,0.247995,1544,imu
board_x,board_x/axis_b_run01,run01_AXIS_B,hold,1,5.006250,ascending,camera_gravity,STATIC,Bias,0.058790,543,camera (gravity tilt interpolated onto camera times)
board_x,board_x/axis_b_run01,run01_AXIS_B,hold,1,5.006250,ascending,camera_gravity,STATIC,MaxAbs,0.611527,543,camera (gravity tilt interpolated onto camera times)
board_x,board_x/axis_b_run01,run01_AXIS_B,hold,1,5.006250,ascending,camera_gravity,STATIC,SD,0.195463,543,camera (gravity tilt interpolated onto camera times)
board_x,board_x/axis_b_run01,run01_AXIS_B,hold,2,9.998437,ascending,camera_commanded,STATIC,Bias,0.384492,569,camera
board_x,board_x/axis_b_run01,run01_AXIS_B,hold,2,9.998437,ascending,camera_commanded,STATIC,MaxAbs,0.440450,569,camera
board_x,board_x/axis_b_run01,run01_AXIS_B,hold,2,9.998437,ascending,camera_commanded,STATIC,SD,0.022169,569,camera
board_x,board_x/axis_b_run01,run01_AXIS_B,hold,2,9.998437,ascending,gravity_commanded,STATIC,Bias,0.217376,1543,imu
board_x,board_x/axis_b_run01,run01_AXIS_B,hold,2,9.998437,ascending,gravity_commanded,STATIC,MaxAbs,1.238913,1543,imu
board_x,board_x/axis_b_run01,run01_AXIS_B,hold,2,9.998437,ascending,gravity_commanded,STATIC,SD,0.212611,1543,imu
board_x,board_x/axis_b_run01,run01_AXIS_B,hold,2,9.998437,ascending,camera_gravity,STATIC,Bias,0.170109,569,camera (gravity tilt interpolated onto camera times)
board_x,board_x/axis_b_run01,run01_AXIS_B,hold,2,9.998437,ascending,camera_gravity,STATIC,MaxAbs,0.895143,569,camera (gravity tilt interpolated onto camera times)
board_x,board_x/axis_b_run01,run01_AXIS_B,hold,2,9.998437,ascending,camera_gravity,STATIC,SD,0.179438,569,camera (gravity tilt interpolated onto camera times)
board_x,board_x/axis_b_run01,run01_AXIS_B,hold,3,15.004688,ascending,camera_commanded,STATIC,Bias,0.423627,539,camera
board_x,board_x/axis_b_run01,run01_AXIS_B,hold,3,15.004688,ascending,camera_commanded,STATIC,MaxAbs,0.469095,539,camera
board_x,board_x/axis_b_run01,run01_AXIS_B,hold,3,15.004688,ascending,camera_commanded,STATIC,SD,0.019249,539,camera
board_x,board_x/axis_b_run01,run01_AXIS_B,hold,3,15.004688,ascending,gravity_commanded,STATIC,Bias,0.247355,1543,imu
board_x,board_x/axis_b_run01,run01_AXIS_B,hold,3,15.004688,ascending,gravity_commanded,STATIC,MaxAbs,0.907532,1543,imu
board_x,board_x/axis_b_run01,run01_AXIS_B,hold,3,15.004688,ascending,gravity_commanded,STATIC,SD,0.211220,1543,imu
board_x,board_x/axis_b_run01,run01_AXIS_B,hold,3,15.004688,ascending,camera_gravity,STATIC,Bias,0.174164,539,camera (gravity tilt interpolated onto camera times)
board_x,board_x/axis_b_run01,run01_AXIS_B,hold,3,15.004688,ascending,camera_gravity,STATIC,MaxAbs,0.767601,539,camera (gravity tilt interpolated onto camera times)
board_x,board_x/axis_b_run01,run01_AXIS_B,hold,3,15.004688,ascending,camera_gravity,STATIC,SD,0.169730,539,camera (gravity tilt interpolated onto camera times)
board_x,board_x/axis_b_run01,run01_AXIS_B,hold,4,19.996875,ascending,camera_commanded,STATIC,Bias,0.187554,554,camera
board_x,board_x/axis_b_run01,run01_AXIS_B,hold,4,19.996875,ascending,camera_commanded,STATIC,MaxAbs,0.269958,554,camera
board_x,board_x/axis_b_run01,run01_AXIS_B,hold,4,19.996875,ascending,camera_commanded,STATIC,SD,0.044786,554,camera
board_x,board_x/axis_b_run01,run01_AXIS_B,hold,4,19.996875,ascending,gravity_commanded,STATIC,Bias,0.141193,1542,imu
board_x,board_x/axis_b_run01,run01_AXIS_B,hold,4,19.996875,ascending,gravity_commanded,STATIC,MaxAbs,0.682739,1542,imu
board_x,board_x/axis_b_run01,run01_AXIS_B,hold,4,19.996875,ascending,gravity_commanded,STATIC,SD,0.161464,1542,imu
board_x,board_x/axis_b_run01,run01_AXIS_B,hold,4,19.996875,ascending,camera_gravity,STATIC,Bias,0.048059,554,camera (gravity tilt interpolated onto camera times)
board_x,board_x/axis_b_run01,run01_AXIS_B,hold,4,19.996875,ascending,camera_gravity,STATIC,MaxAbs,0.535955,554,camera (gravity tilt interpolated onto camera times)
board_x,board_x/axis_b_run01,run01_AXIS_B,hold,4,19.996875,ascending,camera_gravity,STATIC,SD,0.135540,554,camera (gravity tilt interpolated onto camera times)
board_x,board_x/axis_b_run01,run01_AXIS_B,hold,5,15.004688,descending,camera_commanded,STATIC,Bias,0.380802,563,camera
board_x,board_x/axis_b_run01,run01_AXIS_B,hold,5,15.004688,descending,camera_commanded,STATIC,MaxAbs,0.430448,563,camera
board_x,board_x/axis_b_run01,run01_AXIS_B,hold,5,15.004688,descending,camera_commanded,STATIC,SD,0.017887,563,camera
board_x,board_x/axis_b_run01,run01_AXIS_B,hold,5,15.004688,descending,gravity_commanded,STATIC,Bias,0.192138,1544,imu
board_x,board_x/axis_b_run01,run01_AXIS_B,hold,5,15.004688,descending,gravity_commanded,STATIC,MaxAbs,0.896215,1544,imu
board_x,board_x/axis_b_run01,run01_AXIS_B,hold,5,15.004688,descending,gravity_commanded,STATIC,SD,0.203667,1544,imu
board_x,board_x/axis_b_run01,run01_AXIS_B,hold,5,15.004688,descending,camera_gravity,STATIC,Bias,0.188404,563,camera (gravity tilt interpolated onto camera times)
board_x,board_x/axis_b_run01,run01_AXIS_B,hold,5,15.004688,descending,camera_gravity,STATIC,MaxAbs,1.043341,563,camera (gravity tilt interpolated onto camera times)
board_x,board_x/axis_b_run01,run01_AXIS_B,hold,5,15.004688,descending,camera_gravity,STATIC,SD,0.177464,563,camera (gravity tilt interpolated onto camera times)
board_x,board_x/axis_b_run01,run01_AXIS_B,hold,6,9.998437,descending,camera_commanded,STATIC,Bias,0.369489,550,camera
board_x,board_x/axis_b_run01,run01_AXIS_B,hold,6,9.998437,descending,camera_commanded,STATIC,MaxAbs,0.417908,550,camera
board_x,board_x/axis_b_run01,run01_AXIS_B,hold,6,9.998437,descending,camera_commanded,STATIC,SD,0.014473,550,camera
board_x,board_x/axis_b_run01,run01_AXIS_B,hold,6,9.998437,descending,gravity_commanded,STATIC,Bias,0.199917,1543,imu
board_x,board_x/axis_b_run01,run01_AXIS_B,hold,6,9.998437,descending,gravity_commanded,STATIC,MaxAbs,1.143007,1543,imu
board_x,board_x/axis_b_run01,run01_AXIS_B,hold,6,9.998437,descending,gravity_commanded,STATIC,SD,0.202101,1543,imu
board_x,board_x/axis_b_run01,run01_AXIS_B,hold,6,9.998437,descending,camera_gravity,STATIC,Bias,0.164564,550,camera (gravity tilt interpolated onto camera times)
board_x,board_x/axis_b_run01,run01_AXIS_B,hold,6,9.998437,descending,camera_gravity,STATIC,MaxAbs,0.643647,550,camera (gravity tilt interpolated onto camera times)
board_x,board_x/axis_b_run01,run01_AXIS_B,hold,6,9.998437,descending,camera_gravity,STATIC,SD,0.156501,550,camera (gravity tilt interpolated onto camera times)
board_x,board_x/axis_b_run01,run01_AXIS_B,hold,7,5.006250,descending,camera_commanded,STATIC,Bias,0.255715,542,camera
board_x,board_x/axis_b_run01,run01_AXIS_B,hold,7,5.006250,descending,camera_commanded,STATIC,MaxAbs,0.330216,542,camera
board_x,board_x/axis_b_run01,run01_AXIS_B,hold,7,5.006250,descending,camera_commanded,STATIC,SD,0.039012,542,camera
board_x,board_x/axis_b_run01,run01_AXIS_B,hold,7,5.006250,descending,gravity_commanded,STATIC,Bias,0.204459,1521,imu
board_x,board_x/axis_b_run01,run01_AXIS_B,hold,7,5.006250,descending,gravity_commanded,STATIC,MaxAbs,1.657392,1521,imu
board_x,board_x/axis_b_run01,run01_AXIS_B,hold,7,5.006250,descending,gravity_commanded,STATIC,SD,0.264233,1521,imu
board_x,board_x/axis_b_run01,run01_AXIS_B,hold,7,5.006250,descending,camera_gravity,STATIC,Bias,0.046731,542,camera (gravity tilt interpolated onto camera times)
board_x,board_x/axis_b_run01,run01_AXIS_B,hold,7,5.006250,descending,camera_gravity,STATIC,MaxAbs,0.900452,542,camera (gravity tilt interpolated onto camera times)
board_x,board_x/axis_b_run01,run01_AXIS_B,hold,7,5.006250,descending,camera_gravity,STATIC,SD,0.219789,542,camera (gravity tilt interpolated onto camera times)
board_x,board_x/axis_b_run01,run01_AXIS_B,hold,8,0.000000,descending,camera_commanded,STATIC,Bias,0.233763,582,camera
board_x,board_x/axis_b_run01,run01_AXIS_B,hold,8,0.000000,descending,camera_commanded,STATIC,MaxAbs,0.328530,582,camera
board_x,board_x/axis_b_run01,run01_AXIS_B,hold,8,0.000000,descending,camera_commanded,STATIC,SD,0.057590,582,camera
board_x,board_x/axis_b_run01,run01_AXIS_B,hold,8,0.000000,descending,gravity_commanded,STATIC,Bias,0.262067,1544,imu
board_x,board_x/axis_b_run01,run01_AXIS_B,hold,8,0.000000,descending,gravity_commanded,STATIC,MaxAbs,1.278290,1544,imu
board_x,board_x/axis_b_run01,run01_AXIS_B,hold,8,0.000000,descending,gravity_commanded,STATIC,SD,0.309337,1544,imu
board_x,board_x/axis_b_run01,run01_AXIS_B,hold,8,0.000000,descending,camera_gravity,STATIC,Bias,-0.024069,582,camera (gravity tilt interpolated onto camera times)
board_x,board_x/axis_b_run01,run01_AXIS_B,hold,8,0.000000,descending,camera_gravity,STATIC,MaxAbs,0.913691,582,camera (gravity tilt interpolated onto camera times)
board_x,board_x/axis_b_run01,run01_AXIS_B,hold,8,0.000000,descending,camera_gravity,STATIC,SD,0.252224,582,camera (gravity tilt interpolated onto camera times)
board_x,board_x/axis_b_run01,run01_AXIS_B,hold,9,-5.006250,descending,camera_commanded,STATIC,Bias,0.265227,582,camera
board_x,board_x/axis_b_run01,run01_AXIS_B,hold,9,-5.006250,descending,camera_commanded,STATIC,MaxAbs,0.297992,582,camera
board_x,board_x/axis_b_run01,run01_AXIS_B,hold,9,-5.006250,descending,camera_commanded,STATIC,SD,0.014902,582,camera
board_x,board_x/axis_b_run01,run01_AXIS_B,hold,9,-5.006250,descending,gravity_commanded,STATIC,Bias,0.346071,1543,imu
board_x,board_x/axis_b_run01,run01_AXIS_B,hold,9,-5.006250,descending,gravity_commanded,STATIC,MaxAbs,1.101981,1543,imu
board_x,board_x/axis_b_run01,run01_AXIS_B,hold,9,-5.006250,descending,gravity_commanded,STATIC,SD,0.248010,1543,imu
board_x,board_x/axis_b_run01,run01_AXIS_B,hold,9,-5.006250,descending,camera_gravity,STATIC,Bias,-0.085245,582,camera (gravity tilt interpolated onto camera times)
board_x,board_x/axis_b_run01,run01_AXIS_B,hold,9,-5.006250,descending,camera_gravity,STATIC,MaxAbs,0.684224,582,camera (gravity tilt interpolated onto camera times)
board_x,board_x/axis_b_run01,run01_AXIS_B,hold,9,-5.006250,descending,camera_gravity,STATIC,SD,0.177713,582,camera (gravity tilt interpolated onto camera times)
board_x,board_x/axis_b_run01,run01_AXIS_B,hold,10,-9.998437,descending,camera_commanded,STATIC,Bias,0.187982,571,camera
board_x,board_x/axis_b_run01,run01_AXIS_B,hold,10,-9.998437,descending,camera_commanded,STATIC,MaxAbs,0.238467,571,camera
board_x,board_x/axis_b_run01,run01_AXIS_B,hold,10,-9.998437,descending,camera_commanded,STATIC,SD,0.020701,571,camera
board_x,board_x/axis_b_run01,run01_AXIS_B,hold,10,-9.998437,descending,gravity_commanded,STATIC,Bias,0.451542,1544,imu
board_x,board_x/axis_b_run01,run01_AXIS_B,hold,10,-9.998437,descending,gravity_commanded,STATIC,MaxAbs,1.470269,1544,imu
board_x,board_x/axis_b_run01,run01_AXIS_B,hold,10,-9.998437,descending,gravity_commanded,STATIC,SD,0.267737,1544,imu
board_x,board_x/axis_b_run01,run01_AXIS_B,hold,10,-9.998437,descending,camera_gravity,STATIC,Bias,-0.273416,571,camera (gravity tilt interpolated onto camera times)
board_x,board_x/axis_b_run01,run01_AXIS_B,hold,10,-9.998437,descending,camera_gravity,STATIC,MaxAbs,0.937715,571,camera (gravity tilt interpolated onto camera times)
board_x,board_x/axis_b_run01,run01_AXIS_B,hold,10,-9.998437,descending,camera_gravity,STATIC,SD,0.193140,571,camera (gravity tilt interpolated onto camera times)
board_x,board_x/axis_b_run01,run01_AXIS_B,hold,11,-15.004688,descending,camera_commanded,STATIC,Bias,-0.022013,575,camera
board_x,board_x/axis_b_run01,run01_AXIS_B,hold,11,-15.004688,descending,camera_commanded,STATIC,MaxAbs,0.083047,575,camera
board_x,board_x/axis_b_run01,run01_AXIS_B,hold,11,-15.004688,descending,camera_commanded,STATIC,SD,0.032135,575,camera
board_x,board_x/axis_b_run01,run01_AXIS_B,hold,11,-15.004688,descending,gravity_commanded,STATIC,Bias,0.334792,1543,imu
board_x,board_x/axis_b_run01,run01_AXIS_B,hold,11,-15.004688,descending,gravity_commanded,STATIC,MaxAbs,1.709993,1543,imu
board_x,board_x/axis_b_run01,run01_AXIS_B,hold,11,-15.004688,descending,gravity_commanded,STATIC,SD,0.308287,1543,imu
board_x,board_x/axis_b_run01,run01_AXIS_B,hold,11,-15.004688,descending,camera_gravity,STATIC,Bias,-0.336979,575,camera (gravity tilt interpolated onto camera times)
board_x,board_x/axis_b_run01,run01_AXIS_B,hold,11,-15.004688,descending,camera_gravity,STATIC,MaxAbs,1.089202,575,camera (gravity tilt interpolated onto camera times)
board_x,board_x/axis_b_run01,run01_AXIS_B,hold,11,-15.004688,descending,camera_gravity,STATIC,SD,0.232896,575,camera (gravity tilt interpolated onto camera times)
board_x,board_x/axis_b_run01,run01_AXIS_B,hold,12,-19.996875,descending,camera_commanded,STATIC,Bias,-0.074406,564,camera
board_x,board_x/axis_b_run01,run01_AXIS_B,hold,12,-19.996875,descending,camera_commanded,STATIC,MaxAbs,0.167509,564,camera
board_x,board_x/axis_b_run01,run01_AXIS_B,hold,12,-19.996875,descending,camera_commanded,STATIC,SD,0.062104,564,camera
board_x,board_x/axis_b_run01,run01_AXIS_B,hold,12,-19.996875,descending,gravity_commanded,STATIC,Bias,0.333004,1543,imu
board_x,board_x/axis_b_run01,run01_AXIS_B,hold,12,-19.996875,descending,gravity_commanded,STATIC,MaxAbs,1.372244,1543,imu
board_x,board_x/axis_b_run01,run01_AXIS_B,hold,12,-19.996875,descending,gravity_commanded,STATIC,SD,0.335569,1543,imu
board_x,board_x/axis_b_run01,run01_AXIS_B,hold,12,-19.996875,descending,camera_gravity,STATIC,Bias,-0.410965,564,camera (gravity tilt interpolated onto camera times)
board_x,board_x/axis_b_run01,run01_AXIS_B,hold,12,-19.996875,descending,camera_gravity,STATIC,MaxAbs,1.279395,564,camera (gravity tilt interpolated onto camera times)
board_x,board_x/axis_b_run01,run01_AXIS_B,hold,12,-19.996875,descending,camera_gravity,STATIC,SD,0.247435,564,camera (gravity tilt interpolated onto camera times)
board_x,board_x/axis_b_run01,run01_AXIS_B,hold,13,-15.004688,ascending,camera_commanded,STATIC,Bias,0.043079,563,camera
board_x,board_x/axis_b_run01,run01_AXIS_B,hold,13,-15.004688,ascending,camera_commanded,STATIC,MaxAbs,0.166167,563,camera
board_x,board_x/axis_b_run01,run01_AXIS_B,hold,13,-15.004688,ascending,camera_commanded,STATIC,SD,0.065882,563,camera
board_x,board_x/axis_b_run01,run01_AXIS_B,hold,13,-15.004688,ascending,gravity_commanded,STATIC,Bias,0.410848,1544,imu
board_x,board_x/axis_b_run01,run01_AXIS_B,hold,13,-15.004688,ascending,gravity_commanded,STATIC,MaxAbs,1.712170,1544,imu
board_x,board_x/axis_b_run01,run01_AXIS_B,hold,13,-15.004688,ascending,gravity_commanded,STATIC,SD,0.323721,1544,imu
board_x,board_x/axis_b_run01,run01_AXIS_B,hold,13,-15.004688,ascending,camera_gravity,STATIC,Bias,-0.379136,563,camera (gravity tilt interpolated onto camera times)
board_x,board_x/axis_b_run01,run01_AXIS_B,hold,13,-15.004688,ascending,camera_gravity,STATIC,MaxAbs,1.318035,563,camera (gravity tilt interpolated onto camera times)
board_x,board_x/axis_b_run01,run01_AXIS_B,hold,13,-15.004688,ascending,camera_gravity,STATIC,SD,0.260601,563,camera (gravity tilt interpolated onto camera times)
board_x,board_x/axis_b_run01,run01_AXIS_B,hold,14,-9.998437,ascending,camera_commanded,STATIC,Bias,0.203248,557,camera
board_x,board_x/axis_b_run01,run01_AXIS_B,hold,14,-9.998437,ascending,camera_commanded,STATIC,MaxAbs,0.267760,557,camera
board_x,board_x/axis_b_run01,run01_AXIS_B,hold,14,-9.998437,ascending,camera_commanded,STATIC,SD,0.025834,557,camera
board_x,board_x/axis_b_run01,run01_AXIS_B,hold,14,-9.998437,ascending,gravity_commanded,STATIC,Bias,0.478247,1543,imu
board_x,board_x/axis_b_run01,run01_AXIS_B,hold,14,-9.998437,ascending,gravity_commanded,STATIC,MaxAbs,1.431399,1543,imu
board_x,board_x/axis_b_run01,run01_AXIS_B,hold,14,-9.998437,ascending,gravity_commanded,STATIC,SD,0.237758,1543,imu
board_x,board_x/axis_b_run01,run01_AXIS_B,hold,14,-9.998437,ascending,camera_gravity,STATIC,Bias,-0.285490,557,camera (gravity tilt interpolated onto camera times)
board_x,board_x/axis_b_run01,run01_AXIS_B,hold,14,-9.998437,ascending,camera_gravity,STATIC,MaxAbs,1.062689,557,camera (gravity tilt interpolated onto camera times)
board_x,board_x/axis_b_run01,run01_AXIS_B,hold,14,-9.998437,ascending,camera_gravity,STATIC,SD,0.188432,557,camera (gravity tilt interpolated onto camera times)
board_x,board_x/axis_b_run01,run01_AXIS_B,hold,15,-5.006250,ascending,camera_commanded,STATIC,Bias,0.321247,544,camera
board_x,board_x/axis_b_run01,run01_AXIS_B,hold,15,-5.006250,ascending,camera_commanded,STATIC,MaxAbs,0.358298,544,camera
board_x,board_x/axis_b_run01,run01_AXIS_B,hold,15,-5.006250,ascending,camera_commanded,STATIC,SD,0.011808,544,camera
board_x,board_x/axis_b_run01,run01_AXIS_B,hold,15,-5.006250,ascending,gravity_commanded,STATIC,Bias,0.409953,1543,imu
board_x,board_x/axis_b_run01,run01_AXIS_B,hold,15,-5.006250,ascending,gravity_commanded,STATIC,MaxAbs,1.415431,1543,imu
board_x,board_x/axis_b_run01,run01_AXIS_B,hold,15,-5.006250,ascending,gravity_commanded,STATIC,SD,0.257792,1543,imu
board_x,board_x/axis_b_run01,run01_AXIS_B,hold,15,-5.006250,ascending,camera_gravity,STATIC,Bias,-0.083800,544,camera (gravity tilt interpolated onto camera times)
board_x,board_x/axis_b_run01,run01_AXIS_B,hold,15,-5.006250,ascending,camera_gravity,STATIC,MaxAbs,0.926056,544,camera (gravity tilt interpolated onto camera times)
board_x,board_x/axis_b_run01,run01_AXIS_B,hold,15,-5.006250,ascending,camera_gravity,STATIC,SD,0.192390,544,camera (gravity tilt interpolated onto camera times)
board_x,board_x/axis_b_run01,run01_AXIS_B,hold,16,0.000000,ascending,camera_commanded,STATIC,Bias,0.295696,542,camera
board_x,board_x/axis_b_run01,run01_AXIS_B,hold,16,0.000000,ascending,camera_commanded,STATIC,MaxAbs,0.358276,542,camera
board_x,board_x/axis_b_run01,run01_AXIS_B,hold,16,0.000000,ascending,camera_commanded,STATIC,SD,0.041977,542,camera
board_x,board_x/axis_b_run01,run01_AXIS_B,hold,16,0.000000,ascending,gravity_commanded,STATIC,Bias,0.337766,1543,imu
board_x,board_x/axis_b_run01,run01_AXIS_B,hold,16,0.000000,ascending,gravity_commanded,STATIC,MaxAbs,1.323211,1543,imu
board_x,board_x/axis_b_run01,run01_AXIS_B,hold,16,0.000000,ascending,gravity_commanded,STATIC,SD,0.269041,1543,imu
board_x,board_x/axis_b_run01,run01_AXIS_B,hold,16,0.000000,ascending,camera_gravity,STATIC,Bias,-0.022335,542,camera (gravity tilt interpolated onto camera times)
board_x,board_x/axis_b_run01,run01_AXIS_B,hold,16,0.000000,ascending,camera_gravity,STATIC,MaxAbs,0.960071,542,camera (gravity tilt interpolated onto camera times)
board_x,board_x/axis_b_run01,run01_AXIS_B,hold,16,0.000000,ascending,camera_gravity,STATIC,SD,0.230565,542,camera (gravity tilt interpolated onto camera times)
board_x,board_x/axis_b_run01,run01_AXIS_B,pooled_by_command,0.000000,0.000000,all_visits,camera_commanded,STATIC,Bias,0.173723,1683,camera
board_x,board_x/axis_b_run01,run01_AXIS_B,pooled_by_command,0.000000,0.000000,all_visits,camera_commanded,STATIC,MAE,0.180133,1683,camera
board_x,board_x/axis_b_run01,run01_AXIS_B,pooled_by_command,0.000000,0.000000,all_visits,camera_commanded,STATIC,RMSE,0.220996,1683,camera
board_x,board_x/axis_b_run01,run01_AXIS_B,pooled_by_command,0.000000,0.000000,all_visits,camera_commanded,STATIC,MaxAbs,0.358276,1683,camera
board_x,board_x/axis_b_run01,run01_AXIS_B,pooled_by_command,0.000000,0.000000,all_visits,gravity_commanded,STATIC,Bias,0.200173,4629,imu
board_x,board_x/axis_b_run01,run01_AXIS_B,pooled_by_command,0.000000,0.000000,all_visits,gravity_commanded,STATIC,MAE,0.310135,4629,imu
board_x,board_x/axis_b_run01,run01_AXIS_B,pooled_by_command,0.000000,0.000000,all_visits,gravity_commanded,STATIC,RMSE,0.365880,4629,imu
board_x,board_x/axis_b_run01,run01_AXIS_B,pooled_by_command,0.000000,0.000000,all_visits,gravity_commanded,STATIC,MaxAbs,1.323211,4629,imu
board_x,board_x/axis_b_run01,run01_AXIS_B,pooled_by_command,0.000000,0.000000,all_visits,camera_gravity,STATIC,Bias,-0.016869,1683,camera (gravity tilt interpolated onto camera times)
board_x,board_x/axis_b_run01,run01_AXIS_B,pooled_by_command,0.000000,0.000000,all_visits,camera_gravity,STATIC,MAE,0.161854,1683,camera (gravity tilt interpolated onto camera times)
board_x,board_x/axis_b_run01,run01_AXIS_B,pooled_by_command,0.000000,0.000000,all_visits,camera_gravity,STATIC,RMSE,0.218845,1683,camera (gravity tilt interpolated onto camera times)
board_x,board_x/axis_b_run01,run01_AXIS_B,pooled_by_command,0.000000,0.000000,all_visits,camera_gravity,STATIC,MaxAbs,0.960071,1683,camera (gravity tilt interpolated onto camera times)
board_x,board_x/axis_b_run01,run01_AXIS_B,pooled_by_command,5.006250,5.006250,all_visits,camera_commanded,STATIC,Bias,0.282755,1085,camera
board_x,board_x/axis_b_run01,run01_AXIS_B,pooled_by_command,5.006250,5.006250,all_visits,camera_commanded,STATIC,MAE,0.282755,1085,camera
board_x,board_x/axis_b_run01,run01_AXIS_B,pooled_by_command,5.006250,5.006250,all_visits,camera_commanded,STATIC,RMSE,0.287267,1085,camera
board_x,board_x/axis_b_run01,run01_AXIS_B,pooled_by_command,5.006250,5.006250,all_visits,camera_commanded,STATIC,MaxAbs,0.403349,1085,camera
board_x,board_x/axis_b_run01,run01_AXIS_B,pooled_by_command,5.006250,5.006250,all_visits,gravity_commanded,STATIC,Bias,0.231718,3065,imu
board_x,board_x/axis_b_run01,run01_AXIS_B,pooled_by_command,5.006250,5.006250,all_visits,gravity_commanded,STATIC,MAE,0.279256,3065,imu
board_x,board_x/axis_b_run01,run01_AXIS_B,pooled_by_command,5.006250,5.006250,all_visits,gravity_commanded,STATIC,RMSE,0.346427,3065,imu
board_x,board_x/axis_b_run01,run01_AXIS_B,pooled_by_command,5.006250,5.006250,all_visits,gravity_commanded,STATIC,MaxAbs,1.657392,3065,imu
board_x,board_x/axis_b_run01,run01_AXIS_B,pooled_by_command,5.006250,5.006250,all_visits,camera_gravity,STATIC,Bias,0.052766,1085,camera (gravity tilt interpolated onto camera times)
board_x,board_x/axis_b_run01,run01_AXIS_B,pooled_by_command,5.006250,5.006250,all_visits,camera_gravity,STATIC,MAE,0.167090,1085,camera (gravity tilt interpolated onto camera times)
board_x,board_x/axis_b_run01,run01_AXIS_B,pooled_by_command,5.006250,5.006250,all_visits,camera_gravity,STATIC,RMSE,0.214459,1085,camera (gravity tilt interpolated onto camera times)
board_x,board_x/axis_b_run01,run01_AXIS_B,pooled_by_command,5.006250,5.006250,all_visits,camera_gravity,STATIC,MaxAbs,0.900452,1085,camera (gravity tilt interpolated onto camera times)
board_x,board_x/axis_b_run01,run01_AXIS_B,pooled_by_command,9.998438,9.998438,all_visits,camera_commanded,STATIC,Bias,0.377118,1119,camera
board_x,board_x/axis_b_run01,run01_AXIS_B,pooled_by_command,9.998438,9.998438,all_visits,camera_commanded,STATIC,MAE,0.377118,1119,camera
board_x,board_x/axis_b_run01,run01_AXIS_B,pooled_by_command,9.998438,9.998438,all_visits,camera_commanded,STATIC,RMSE,0.377659,1119,camera
board_x,board_x/axis_b_run01,run01_AXIS_B,pooled_by_command,9.998438,9.998438,all_visits,camera_commanded,STATIC,MaxAbs,0.440450,1119,camera
board_x,board_x/axis_b_run01,run01_AXIS_B,pooled_by_command,9.998438,9.998438,all_visits,gravity_commanded,STATIC,Bias,0.208646,3086,imu
board_x,board_x/axis_b_run01,run01_AXIS_B,pooled_by_command,9.998438,9.998438,all_visits,gravity_commanded,STATIC,MAE,0.244073,3086,imu
board_x,board_x/axis_b_run01,run01_AXIS_B,pooled_by_command,9.998438,9.998438,all_visits,gravity_commanded,STATIC,RMSE,0.294289,3086,imu
board_x,board_x/axis_b_run01,run01_AXIS_B,pooled_by_command,9.998438,9.998438,all_visits,gravity_commanded,STATIC,MaxAbs,1.238913,3086,imu
board_x,board_x/axis_b_run01,run01_AXIS_B,pooled_by_command,9.998438,9.998438,all_visits,camera_gravity,STATIC,Bias,0.167384,1119,camera (gravity tilt interpolated onto camera times)
board_x,board_x/axis_b_run01,run01_AXIS_B,pooled_by_command,9.998438,9.998438,all_visits,camera_gravity,STATIC,MAE,0.194200,1119,camera (gravity tilt interpolated onto camera times)
board_x,board_x/axis_b_run01,run01_AXIS_B,pooled_by_command,9.998438,9.998438,all_visits,camera_gravity,STATIC,RMSE,0.237455,1119,camera (gravity tilt interpolated onto camera times)
board_x,board_x/axis_b_run01,run01_AXIS_B,pooled_by_command,9.998438,9.998438,all_visits,camera_gravity,STATIC,MaxAbs,0.895143,1119,camera (gravity tilt interpolated onto camera times)
board_x,board_x/axis_b_run01,run01_AXIS_B,pooled_by_command,15.004688,15.004688,all_visits,camera_commanded,STATIC,Bias,0.401748,1102,camera
board_x,board_x/axis_b_run01,run01_AXIS_B,pooled_by_command,15.004688,15.004688,all_visits,camera_commanded,STATIC,MAE,0.401748,1102,camera
board_x,board_x/axis_b_run01,run01_AXIS_B,pooled_by_command,15.004688,15.004688,all_visits,camera_commanded,STATIC,RMSE,0.402745,1102,camera
board_x,board_x/axis_b_run01,run01_AXIS_B,pooled_by_command,15.004688,15.004688,all_visits,camera_commanded,STATIC,MaxAbs,0.469095,1102,camera
board_x,board_x/axis_b_run01,run01_AXIS_B,pooled_by_command,15.004688,15.004688,all_visits,gravity_commanded,STATIC,Bias,0.219738,3087,imu
board_x,board_x/axis_b_run01,run01_AXIS_B,pooled_by_command,15.004688,15.004688,all_visits,gravity_commanded,STATIC,MAE,0.251622,3087,imu
board_x,board_x/axis_b_run01,run01_AXIS_B,pooled_by_command,15.004688,15.004688,all_visits,gravity_commanded,STATIC,RMSE,0.303423,3087,imu
board_x,board_x/axis_b_run01,run01_AXIS_B,pooled_by_command,15.004688,15.004688,all_visits,gravity_commanded,STATIC,MaxAbs,0.907532,3087,imu
board_x,board_x/axis_b_run01,run01_AXIS_B,pooled_by_command,15.004688,15.004688,all_visits,camera_gravity,STATIC,Bias,0.181439,1102,camera (gravity tilt interpolated onto camera times)
board_x,board_x/axis_b_run01,run01_AXIS_B,pooled_by_command,15.004688,15.004688,all_visits,camera_gravity,STATIC,MAE,0.207179,1102,camera (gravity tilt interpolated onto camera times)
board_x,board_x/axis_b_run01,run01_AXIS_B,pooled_by_command,15.004688,15.004688,all_visits,camera_gravity,STATIC,RMSE,0.251189,1102,camera (gravity tilt interpolated onto camera times)
board_x,board_x/axis_b_run01,run01_AXIS_B,pooled_by_command,15.004688,15.004688,all_visits,camera_gravity,STATIC,MaxAbs,1.043341,1102,camera (gravity tilt interpolated onto camera times)
board_x,board_x/axis_b_run01,run01_AXIS_B,pooled_by_command,19.996875,19.996875,all_visits,camera_commanded,STATIC,Bias,0.187554,554,camera
board_x,board_x/axis_b_run01,run01_AXIS_B,pooled_by_command,19.996875,19.996875,all_visits,camera_commanded,STATIC,MAE,0.187554,554,camera
board_x,board_x/axis_b_run01,run01_AXIS_B,pooled_by_command,19.996875,19.996875,all_visits,camera_commanded,STATIC,RMSE,0.192818,554,camera
board_x,board_x/axis_b_run01,run01_AXIS_B,pooled_by_command,19.996875,19.996875,all_visits,camera_commanded,STATIC,MaxAbs,0.269958,554,camera
board_x,board_x/axis_b_run01,run01_AXIS_B,pooled_by_command,19.996875,19.996875,all_visits,gravity_commanded,STATIC,Bias,0.141193,1542,imu
board_x,board_x/axis_b_run01,run01_AXIS_B,pooled_by_command,19.996875,19.996875,all_visits,gravity_commanded,STATIC,MAE,0.174237,1542,imu
board_x,board_x/axis_b_run01,run01_AXIS_B,pooled_by_command,19.996875,19.996875,all_visits,gravity_commanded,STATIC,RMSE,0.214451,1542,imu
board_x,board_x/axis_b_run01,run01_AXIS_B,pooled_by_command,19.996875,19.996875,all_visits,gravity_commanded,STATIC,MaxAbs,0.682739,1542,imu
board_x,board_x/axis_b_run01,run01_AXIS_B,pooled_by_command,19.996875,19.996875,all_visits,camera_gravity,STATIC,Bias,0.048059,554,camera (gravity tilt interpolated onto camera times)
board_x,board_x/axis_b_run01,run01_AXIS_B,pooled_by_command,19.996875,19.996875,all_visits,camera_gravity,STATIC,MAE,0.114977,554,camera (gravity tilt interpolated onto camera times)
board_x,board_x/axis_b_run01,run01_AXIS_B,pooled_by_command,19.996875,19.996875,all_visits,camera_gravity,STATIC,RMSE,0.143693,554,camera (gravity tilt interpolated onto camera times)
board_x,board_x/axis_b_run01,run01_AXIS_B,pooled_by_command,19.996875,19.996875,all_visits,camera_gravity,STATIC,MaxAbs,0.535955,554,camera (gravity tilt interpolated onto camera times)
board_x,board_x/axis_b_run01,run01_AXIS_B,pooled_by_command,-5.006250,-5.006250,all_visits,camera_commanded,STATIC,Bias,0.292292,1126,camera
board_x,board_x/axis_b_run01,run01_AXIS_B,pooled_by_command,-5.006250,-5.006250,all_visits,camera_commanded,STATIC,MAE,0.292292,1126,camera
board_x,board_x/axis_b_run01,run01_AXIS_B,pooled_by_command,-5.006250,-5.006250,all_visits,camera_commanded,STATIC,RMSE,0.293939,1126,camera
board_x,board_x/axis_b_run01,run01_AXIS_B,pooled_by_command,-5.006250,-5.006250,all_visits,camera_commanded,STATIC,MaxAbs,0.358298,1126,camera
board_x,board_x/axis_b_run01,run01_AXIS_B,pooled_by_command,-5.006250,-5.006250,all_visits,gravity_commanded,STATIC,Bias,0.378012,3086,imu
board_x,board_x/axis_b_run01,run01_AXIS_B,pooled_by_command,-5.006250,-5.006250,all_visits,gravity_commanded,STATIC,MAE,0.395328,3086,imu
board_x,board_x/axis_b_run01,run01_AXIS_B,pooled_by_command,-5.006250,-5.006250,all_visits,gravity_commanded,STATIC,RMSE,0.455911,3086,imu
board_x,board_x/axis_b_run01,run01_AXIS_B,pooled_by_command,-5.006250,-5.006250,all_visits,gravity_commanded,STATIC,MaxAbs,1.415431,3086,imu
board_x,board_x/axis_b_run01,run01_AXIS_B,pooled_by_command,-5.006250,-5.006250,all_visits,camera_gravity,STATIC,Bias,-0.084547,1126,camera (gravity tilt interpolated onto camera times)
board_x,board_x/axis_b_run01,run01_AXIS_B,pooled_by_command,-5.006250,-5.006250,all_visits,camera_gravity,STATIC,MAE,0.156721,1126,camera (gravity tilt interpolated onto camera times)
board_x,board_x/axis_b_run01,run01_AXIS_B,pooled_by_command,-5.006250,-5.006250,all_visits,camera_gravity,STATIC,RMSE,0.203210,1126,camera (gravity tilt interpolated onto camera times)
board_x,board_x/axis_b_run01,run01_AXIS_B,pooled_by_command,-5.006250,-5.006250,all_visits,camera_gravity,STATIC,MaxAbs,0.926056,1126,camera (gravity tilt interpolated onto camera times)
board_x,board_x/axis_b_run01,run01_AXIS_B,pooled_by_command,-9.998438,-9.998438,all_visits,camera_commanded,STATIC,Bias,0.195520,1128,camera
board_x,board_x/axis_b_run01,run01_AXIS_B,pooled_by_command,-9.998438,-9.998438,all_visits,camera_commanded,STATIC,MAE,0.195520,1128,camera
board_x,board_x/axis_b_run01,run01_AXIS_B,pooled_by_command,-9.998438,-9.998438,all_visits,camera_commanded,STATIC,RMSE,0.197058,1128,camera
board_x,board_x/axis_b_run01,run01_AXIS_B,pooled_by_command,-9.998438,-9.998438,all_visits,camera_commanded,STATIC,MaxAbs,0.267760,1128,camera
board_x,board_x/axis_b_run01,run01_AXIS_B,pooled_by_command,-9.998438,-9.998438,all_visits,gravity_commanded,STATIC,Bias,0.464890,3087,imu
board_x,board_x/axis_b_run01,run01_AXIS_B,pooled_by_command,-9.998438,-9.998438,all_visits,gravity_commanded,STATIC,MAE,0.471838,3087,imu
board_x,board_x/axis_b_run01,run01_AXIS_B,pooled_by_command,-9.998438,-9.998438,all_visits,gravity_commanded,STATIC,RMSE,0.529498,3087,imu
board_x,board_x/axis_b_run01,run01_AXIS_B,pooled_by_command,-9.998438,-9.998438,all_visits,gravity_commanded,STATIC,MaxAbs,1.470269,3087,imu
board_x,board_x/axis_b_run01,run01_AXIS_B,pooled_by_command,-9.998438,-9.998438,all_visits,camera_gravity,STATIC,Bias,-0.279378,1128,camera (gravity tilt interpolated onto camera times)
board_x,board_x/axis_b_run01,run01_AXIS_B,pooled_by_command,-9.998438,-9.998438,all_visits,camera_gravity,STATIC,MAE,0.292679,1128,camera (gravity tilt interpolated onto camera times)
board_x,board_x/axis_b_run01,run01_AXIS_B,pooled_by_command,-9.998438,-9.998438,all_visits,camera_gravity,STATIC,RMSE,0.338290,1128,camera (gravity tilt interpolated onto camera times)
board_x,board_x/axis_b_run01,run01_AXIS_B,pooled_by_command,-9.998438,-9.998438,all_visits,camera_gravity,STATIC,MaxAbs,1.062689,1128,camera (gravity tilt interpolated onto camera times)
board_x,board_x/axis_b_run01,run01_AXIS_B,pooled_by_command,-15.004688,-15.004688,all_visits,camera_commanded,STATIC,Bias,0.010190,1138,camera
board_x,board_x/axis_b_run01,run01_AXIS_B,pooled_by_command,-15.004688,-15.004688,all_visits,camera_commanded,STATIC,MAE,0.047684,1138,camera
board_x,board_x/axis_b_run01,run01_AXIS_B,pooled_by_command,-15.004688,-15.004688,all_visits,camera_commanded,STATIC,RMSE,0.061866,1138,camera
board_x,board_x/axis_b_run01,run01_AXIS_B,pooled_by_command,-15.004688,-15.004688,all_visits,camera_commanded,STATIC,MaxAbs,0.166167,1138,camera
board_x,board_x/axis_b_run01,run01_AXIS_B,pooled_by_command,-15.004688,-15.004688,all_visits,gravity_commanded,STATIC,Bias,0.372832,3087,imu
board_x,board_x/axis_b_run01,run01_AXIS_B,pooled_by_command,-15.004688,-15.004688,all_visits,gravity_commanded,STATIC,MAE,0.412782,3087,imu
board_x,board_x/axis_b_run01,run01_AXIS_B,pooled_by_command,-15.004688,-15.004688,all_visits,gravity_commanded,STATIC,RMSE,0.490209,3087,imu
board_x,board_x/axis_b_run01,run01_AXIS_B,pooled_by_command,-15.004688,-15.004688,all_visits,gravity_commanded,STATIC,MaxAbs,1.712170,3087,imu
board_x,board_x/axis_b_run01,run01_AXIS_B,pooled_by_command,-15.004688,-15.004688,all_visits,camera_gravity,STATIC,Bias,-0.357835,1138,camera (gravity tilt interpolated onto camera times)
board_x,board_x/axis_b_run01,run01_AXIS_B,pooled_by_command,-15.004688,-15.004688,all_visits,camera_gravity,STATIC,MAE,0.379819,1138,camera (gravity tilt interpolated onto camera times)
board_x,board_x/axis_b_run01,run01_AXIS_B,pooled_by_command,-15.004688,-15.004688,all_visits,camera_gravity,STATIC,RMSE,0.435187,1138,camera (gravity tilt interpolated onto camera times)
board_x,board_x/axis_b_run01,run01_AXIS_B,pooled_by_command,-15.004688,-15.004688,all_visits,camera_gravity,STATIC,MaxAbs,1.318035,1138,camera (gravity tilt interpolated onto camera times)
board_x,board_x/axis_b_run01,run01_AXIS_B,pooled_by_command,-19.996875,-19.996875,all_visits,camera_commanded,STATIC,Bias,-0.074406,564,camera
board_x,board_x/axis_b_run01,run01_AXIS_B,pooled_by_command,-19.996875,-19.996875,all_visits,camera_commanded,STATIC,MAE,0.079818,564,camera
board_x,board_x/axis_b_run01,run01_AXIS_B,pooled_by_command,-19.996875,-19.996875,all_visits,camera_commanded,STATIC,RMSE,0.096883,564,camera
board_x,board_x/axis_b_run01,run01_AXIS_B,pooled_by_command,-19.996875,-19.996875,all_visits,camera_commanded,STATIC,MaxAbs,0.167509,564,camera
board_x,board_x/axis_b_run01,run01_AXIS_B,pooled_by_command,-19.996875,-19.996875,all_visits,gravity_commanded,STATIC,Bias,0.333004,1543,imu
board_x,board_x/axis_b_run01,run01_AXIS_B,pooled_by_command,-19.996875,-19.996875,all_visits,gravity_commanded,STATIC,MAE,0.389345,1543,imu
board_x,board_x/axis_b_run01,run01_AXIS_B,pooled_by_command,-19.996875,-19.996875,all_visits,gravity_commanded,STATIC,RMSE,0.472679,1543,imu
board_x,board_x/axis_b_run01,run01_AXIS_B,pooled_by_command,-19.996875,-19.996875,all_visits,gravity_commanded,STATIC,MaxAbs,1.372244,1543,imu
board_x,board_x/axis_b_run01,run01_AXIS_B,pooled_by_command,-19.996875,-19.996875,all_visits,camera_gravity,STATIC,Bias,-0.410965,564,camera (gravity tilt interpolated onto camera times)
board_x,board_x/axis_b_run01,run01_AXIS_B,pooled_by_command,-19.996875,-19.996875,all_visits,camera_gravity,STATIC,MAE,0.426760,564,camera (gravity tilt interpolated onto camera times)
board_x,board_x/axis_b_run01,run01_AXIS_B,pooled_by_command,-19.996875,-19.996875,all_visits,camera_gravity,STATIC,RMSE,0.479591,564,camera (gravity tilt interpolated onto camera times)
board_x,board_x/axis_b_run01,run01_AXIS_B,pooled_by_command,-19.996875,-19.996875,all_visits,camera_gravity,STATIC,MaxAbs,1.279395,564,camera (gravity tilt interpolated onto camera times)
board_x,board_x/axis_b_run01,run01_AXIS_B,pooled_total,ALL,,all,camera_commanded,STATIC,Bias,0.219717,9499,camera
board_x,board_x/axis_b_run01,run01_AXIS_B,pooled_total,ALL,,all,camera_commanded,STATIC,MAE,0.234501,9499,camera
board_x,board_x/axis_b_run01,run01_AXIS_B,pooled_total,ALL,,all,camera_commanded,STATIC,RMSE,0.267835,9499,camera
board_x,board_x/axis_b_run01,run01_AXIS_B,pooled_total,ALL,,all,camera_commanded,STATIC,MaxAbs,0.469095,9499,camera
board_x,board_x/axis_b_run01,run01_AXIS_B,pooled_total,ALL,,all,gravity_commanded,STATIC,Bias,0.283960,26212,imu
board_x,board_x/axis_b_run01,run01_AXIS_B,pooled_total,ALL,,all,gravity_commanded,STATIC,MAE,0.329686,26212,imu
board_x,board_x/axis_b_run01,run01_AXIS_B,pooled_total,ALL,,all,gravity_commanded,STATIC,RMSE,0.400452,26212,imu
board_x,board_x/axis_b_run01,run01_AXIS_B,pooled_total,ALL,,all,gravity_commanded,STATIC,MaxAbs,1.712170,26212,imu
board_x,board_x/axis_b_run01,run01_AXIS_B,pooled_total,ALL,,all,camera_gravity,STATIC,Bias,-0.063860,9499,camera (gravity tilt interpolated onto camera times)
board_x,board_x/axis_b_run01,run01_AXIS_B,pooled_total,ALL,,all,camera_gravity,STATIC,MAE,0.225555,9499,camera (gravity tilt interpolated onto camera times)
board_x,board_x/axis_b_run01,run01_AXIS_B,pooled_total,ALL,,all,camera_gravity,STATIC,RMSE,0.289371,9499,camera (gravity tilt interpolated onto camera times)
board_x,board_x/axis_b_run01,run01_AXIS_B,pooled_total,ALL,,all,camera_gravity,STATIC,MaxAbs,1.318035,9499,camera (gravity tilt interpolated onto camera times)
board_y,board_y/run05,RUN05 / run05_AXIS_B,hold,0,0.000000,initial,camera_commanded,STATIC,Bias,-0.010289,855,camera
board_y,board_y/run05,RUN05 / run05_AXIS_B,hold,0,0.000000,initial,camera_commanded,STATIC,MaxAbs,0.034601,855,camera
board_y,board_y/run05,RUN05 / run05_AXIS_B,hold,0,0.000000,initial,camera_commanded,STATIC,SD,0.007303,855,camera
board_y,board_y/run05,RUN05 / run05_AXIS_B,hold,0,0.000000,initial,gravity_commanded,STATIC,Bias,-0.000885,1545,imu
board_y,board_y/run05,RUN05 / run05_AXIS_B,hold,0,0.000000,initial,gravity_commanded,STATIC,MaxAbs,0.446758,1545,imu
board_y,board_y/run05,RUN05 / run05_AXIS_B,hold,0,0.000000,initial,gravity_commanded,STATIC,SD,0.129877,1545,imu
board_y,board_y/run05,RUN05 / run05_AXIS_B,hold,0,0.000000,initial,camera_gravity,STATIC,Bias,-0.009139,855,camera (gravity tilt interpolated onto camera times)
board_y,board_y/run05,RUN05 / run05_AXIS_B,hold,0,0.000000,initial,camera_gravity,STATIC,MaxAbs,0.333795,855,camera (gravity tilt interpolated onto camera times)
board_y,board_y/run05,RUN05 / run05_AXIS_B,hold,0,0.000000,initial,camera_gravity,STATIC,SD,0.106529,855,camera (gravity tilt interpolated onto camera times)
board_y,board_y/run05,RUN05 / run05_AXIS_B,hold,1,5.006250,ascending,camera_commanded,STATIC,Bias,0.243784,826,camera
board_y,board_y/run05,RUN05 / run05_AXIS_B,hold,1,5.006250,ascending,camera_commanded,STATIC,MaxAbs,0.344050,826,camera
board_y,board_y/run05,RUN05 / run05_AXIS_B,hold,1,5.006250,ascending,camera_commanded,STATIC,SD,0.051797,826,camera
board_y,board_y/run05,RUN05 / run05_AXIS_B,hold,1,5.006250,ascending,gravity_commanded,STATIC,Bias,0.149983,1544,imu
board_y,board_y/run05,RUN05 / run05_AXIS_B,hold,1,5.006250,ascending,gravity_commanded,STATIC,MaxAbs,1.321930,1544,imu
board_y,board_y/run05,RUN05 / run05_AXIS_B,hold,1,5.006250,ascending,gravity_commanded,STATIC,SD,0.250303,1544,imu
board_y,board_y/run05,RUN05 / run05_AXIS_B,hold,1,5.006250,ascending,camera_gravity,STATIC,Bias,0.092337,826,camera (gravity tilt interpolated onto camera times)
board_y,board_y/run05,RUN05 / run05_AXIS_B,hold,1,5.006250,ascending,camera_gravity,STATIC,MaxAbs,0.888246,826,camera (gravity tilt interpolated onto camera times)
board_y,board_y/run05,RUN05 / run05_AXIS_B,hold,1,5.006250,ascending,camera_gravity,STATIC,SD,0.226371,826,camera (gravity tilt interpolated onto camera times)
board_y,board_y/run05,RUN05 / run05_AXIS_B,hold,2,9.998437,ascending,camera_commanded,STATIC,Bias,0.244053,833,camera
board_y,board_y/run05,RUN05 / run05_AXIS_B,hold,2,9.998437,ascending,camera_commanded,STATIC,MaxAbs,0.330278,833,camera
board_y,board_y/run05,RUN05 / run05_AXIS_B,hold,2,9.998437,ascending,camera_commanded,STATIC,SD,0.039305,833,camera
board_y,board_y/run05,RUN05 / run05_AXIS_B,hold,2,9.998437,ascending,gravity_commanded,STATIC,Bias,0.079409,1547,imu
board_y,board_y/run05,RUN05 / run05_AXIS_B,hold,2,9.998437,ascending,gravity_commanded,STATIC,MaxAbs,1.367037,1547,imu
board_y,board_y/run05,RUN05 / run05_AXIS_B,hold,2,9.998437,ascending,gravity_commanded,STATIC,SD,0.248578,1547,imu
board_y,board_y/run05,RUN05 / run05_AXIS_B,hold,2,9.998437,ascending,camera_gravity,STATIC,Bias,0.165079,833,camera (gravity tilt interpolated onto camera times)
board_y,board_y/run05,RUN05 / run05_AXIS_B,hold,2,9.998437,ascending,camera_gravity,STATIC,MaxAbs,1.047606,833,camera (gravity tilt interpolated onto camera times)
board_y,board_y/run05,RUN05 / run05_AXIS_B,hold,2,9.998437,ascending,camera_gravity,STATIC,SD,0.234374,833,camera (gravity tilt interpolated onto camera times)
board_y,board_y/run05,RUN05 / run05_AXIS_B,hold,3,15.004688,ascending,camera_commanded,STATIC,Bias,0.299771,824,camera
board_y,board_y/run05,RUN05 / run05_AXIS_B,hold,3,15.004688,ascending,camera_commanded,STATIC,MaxAbs,0.361213,824,camera
board_y,board_y/run05,RUN05 / run05_AXIS_B,hold,3,15.004688,ascending,camera_commanded,STATIC,SD,0.018475,824,camera
board_y,board_y/run05,RUN05 / run05_AXIS_B,hold,3,15.004688,ascending,gravity_commanded,STATIC,Bias,0.060015,1545,imu
board_y,board_y/run05,RUN05 / run05_AXIS_B,hold,3,15.004688,ascending,gravity_commanded,STATIC,MaxAbs,0.488237,1545,imu
board_y,board_y/run05,RUN05 / run05_AXIS_B,hold,3,15.004688,ascending,gravity_commanded,STATIC,SD,0.120860,1545,imu
board_y,board_y/run05,RUN05 / run05_AXIS_B,hold,3,15.004688,ascending,camera_gravity,STATIC,Bias,0.239961,824,camera (gravity tilt interpolated onto camera times)
board_y,board_y/run05,RUN05 / run05_AXIS_B,hold,3,15.004688,ascending,camera_gravity,STATIC,MaxAbs,0.648369,824,camera (gravity tilt interpolated onto camera times)
board_y,board_y/run05,RUN05 / run05_AXIS_B,hold,3,15.004688,ascending,camera_gravity,STATIC,SD,0.106550,824,camera (gravity tilt interpolated onto camera times)
board_y,board_y/run05,RUN05 / run05_AXIS_B,hold,4,19.996875,ascending,camera_commanded,STATIC,Bias,0.306121,847,camera
board_y,board_y/run05,RUN05 / run05_AXIS_B,hold,4,19.996875,ascending,camera_commanded,STATIC,MaxAbs,0.396684,847,camera
board_y,board_y/run05,RUN05 / run05_AXIS_B,hold,4,19.996875,ascending,camera_commanded,STATIC,SD,0.030243,847,camera
board_y,board_y/run05,RUN05 / run05_AXIS_B,hold,4,19.996875,ascending,gravity_commanded,STATIC,Bias,0.009686,1545,imu
board_y,board_y/run05,RUN05 / run05_AXIS_B,hold,4,19.996875,ascending,gravity_commanded,STATIC,MaxAbs,0.816387,1545,imu
board_y,board_y/run05,RUN05 / run05_AXIS_B,hold,4,19.996875,ascending,gravity_commanded,STATIC,SD,0.193348,1545,imu
board_y,board_y/run05,RUN05 / run05_AXIS_B,hold,4,19.996875,ascending,camera_gravity,STATIC,Bias,0.294759,847,camera (gravity tilt interpolated onto camera times)
board_y,board_y/run05,RUN05 / run05_AXIS_B,hold,4,19.996875,ascending,camera_gravity,STATIC,MaxAbs,0.959869,847,camera (gravity tilt interpolated onto camera times)
board_y,board_y/run05,RUN05 / run05_AXIS_B,hold,4,19.996875,ascending,camera_gravity,STATIC,SD,0.170415,847,camera (gravity tilt interpolated onto camera times)
board_y,board_y/run05,RUN05 / run05_AXIS_B,hold,5,15.004688,descending,camera_commanded,STATIC,Bias,0.302168,848,camera
board_y,board_y/run05,RUN05 / run05_AXIS_B,hold,5,15.004688,descending,camera_commanded,STATIC,MaxAbs,0.363565,848,camera
board_y,board_y/run05,RUN05 / run05_AXIS_B,hold,5,15.004688,descending,camera_commanded,STATIC,SD,0.018307,848,camera
board_y,board_y/run05,RUN05 / run05_AXIS_B,hold,5,15.004688,descending,gravity_commanded,STATIC,Bias,0.059228,1545,imu
board_y,board_y/run05,RUN05 / run05_AXIS_B,hold,5,15.004688,descending,gravity_commanded,STATIC,MaxAbs,0.621024,1545,imu
board_y,board_y/run05,RUN05 / run05_AXIS_B,hold,5,15.004688,descending,gravity_commanded,STATIC,SD,0.166475,1545,imu
board_y,board_y/run05,RUN05 / run05_AXIS_B,hold,5,15.004688,descending,camera_gravity,STATIC,Bias,0.244176,848,camera (gravity tilt interpolated onto camera times)
board_y,board_y/run05,RUN05 / run05_AXIS_B,hold,5,15.004688,descending,camera_gravity,STATIC,MaxAbs,0.685433,848,camera (gravity tilt interpolated onto camera times)
board_y,board_y/run05,RUN05 / run05_AXIS_B,hold,5,15.004688,descending,camera_gravity,STATIC,SD,0.141922,848,camera (gravity tilt interpolated onto camera times)
board_y,board_y/run05,RUN05 / run05_AXIS_B,hold,6,9.998437,descending,camera_commanded,STATIC,Bias,0.205886,845,camera
board_y,board_y/run05,RUN05 / run05_AXIS_B,hold,6,9.998437,descending,camera_commanded,STATIC,MaxAbs,0.287513,845,camera
board_y,board_y/run05,RUN05 / run05_AXIS_B,hold,6,9.998437,descending,camera_commanded,STATIC,SD,0.036682,845,camera
board_y,board_y/run05,RUN05 / run05_AXIS_B,hold,6,9.998437,descending,gravity_commanded,STATIC,Bias,0.039465,1543,imu
board_y,board_y/run05,RUN05 / run05_AXIS_B,hold,6,9.998437,descending,gravity_commanded,STATIC,MaxAbs,1.088543,1543,imu
board_y,board_y/run05,RUN05 / run05_AXIS_B,hold,6,9.998437,descending,gravity_commanded,STATIC,SD,0.246877,1543,imu
board_y,board_y/run05,RUN05 / run05_AXIS_B,hold,6,9.998437,descending,camera_gravity,STATIC,Bias,0.167991,845,camera (gravity tilt interpolated onto camera times)
board_y,board_y/run05,RUN05 / run05_AXIS_B,hold,6,9.998437,descending,camera_gravity,STATIC,MaxAbs,0.982693,845,camera (gravity tilt interpolated onto camera times)
board_y,board_y/run05,RUN05 / run05_AXIS_B,hold,6,9.998437,descending,camera_gravity,STATIC,SD,0.232548,845,camera (gravity tilt interpolated onto camera times)
board_y,board_y/run05,RUN05 / run05_AXIS_B,hold,7,5.006250,descending,camera_commanded,STATIC,Bias,0.205375,836,camera
board_y,board_y/run05,RUN05 / run05_AXIS_B,hold,7,5.006250,descending,camera_commanded,STATIC,MaxAbs,0.305664,836,camera
board_y,board_y/run05,RUN05 / run05_AXIS_B,hold,7,5.006250,descending,camera_commanded,STATIC,SD,0.054201,836,camera
board_y,board_y/run05,RUN05 / run05_AXIS_B,hold,7,5.006250,descending,gravity_commanded,STATIC,Bias,0.110287,1543,imu
board_y,board_y/run05,RUN05 / run05_AXIS_B,hold,7,5.006250,descending,gravity_commanded,STATIC,MaxAbs,2.150652,1543,imu
board_y,board_y/run05,RUN05 / run05_AXIS_B,hold,7,5.006250,descending,gravity_commanded,STATIC,SD,0.244095,1543,imu
board_y,board_y/run05,RUN05 / run05_AXIS_B,hold,7,5.006250,descending,camera_gravity,STATIC,Bias,0.094501,836,camera (gravity tilt interpolated onto camera times)
board_y,board_y/run05,RUN05 / run05_AXIS_B,hold,7,5.006250,descending,camera_gravity,STATIC,MaxAbs,1.188385,836,camera (gravity tilt interpolated onto camera times)
board_y,board_y/run05,RUN05 / run05_AXIS_B,hold,7,5.006250,descending,camera_gravity,STATIC,SD,0.219068,836,camera (gravity tilt interpolated onto camera times)
board_y,board_y/run05,RUN05 / run05_AXIS_B,hold,8,0.000000,descending,camera_commanded,STATIC,Bias,0.232730,849,camera
board_y,board_y/run05,RUN05 / run05_AXIS_B,hold,8,0.000000,descending,camera_commanded,STATIC,MaxAbs,0.292159,849,camera
board_y,board_y/run05,RUN05 / run05_AXIS_B,hold,8,0.000000,descending,camera_commanded,STATIC,SD,0.025091,849,camera
board_y,board_y/run05,RUN05 / run05_AXIS_B,hold,8,0.000000,descending,gravity_commanded,STATIC,Bias,0.250351,1543,imu
board_y,board_y/run05,RUN05 / run05_AXIS_B,hold,8,0.000000,descending,gravity_commanded,STATIC,MaxAbs,1.230955,1543,imu
board_y,board_y/run05,RUN05 / run05_AXIS_B,hold,8,0.000000,descending,gravity_commanded,STATIC,SD,0.182819,1543,imu
board_y,board_y/run05,RUN05 / run05_AXIS_B,hold,8,0.000000,descending,camera_gravity,STATIC,Bias,-0.017741,849,camera (gravity tilt interpolated onto camera times)
board_y,board_y/run05,RUN05 / run05_AXIS_B,hold,8,0.000000,descending,camera_gravity,STATIC,MaxAbs,0.756359,849,camera (gravity tilt interpolated onto camera times)
board_y,board_y/run05,RUN05 / run05_AXIS_B,hold,8,0.000000,descending,camera_gravity,STATIC,SD,0.159524,849,camera (gravity tilt interpolated onto camera times)
board_y,board_y/run05,RUN05 / run05_AXIS_B,hold,9,-5.006250,descending,camera_commanded,STATIC,Bias,0.314518,840,camera
board_y,board_y/run05,RUN05 / run05_AXIS_B,hold,9,-5.006250,descending,camera_commanded,STATIC,MaxAbs,0.340190,840,camera
board_y,board_y/run05,RUN05 / run05_AXIS_B,hold,9,-5.006250,descending,camera_commanded,STATIC,SD,0.009058,840,camera
board_y,board_y/run05,RUN05 / run05_AXIS_B,hold,9,-5.006250,descending,gravity_commanded,STATIC,Bias,0.422790,1513,imu
board_y,board_y/run05,RUN05 / run05_AXIS_B,hold,9,-5.006250,descending,gravity_commanded,STATIC,MaxAbs,0.981742,1513,imu
board_y,board_y/run05,RUN05 / run05_AXIS_B,hold,9,-5.006250,descending,gravity_commanded,STATIC,SD,0.153036,1513,imu
board_y,board_y/run05,RUN05 / run05_AXIS_B,hold,9,-5.006250,descending,camera_gravity,STATIC,Bias,-0.106930,840,camera (gravity tilt interpolated onto camera times)
board_y,board_y/run05,RUN05 / run05_AXIS_B,hold,9,-5.006250,descending,camera_gravity,STATIC,MaxAbs,0.495544,840,camera (gravity tilt interpolated onto camera times)
board_y,board_y/run05,RUN05 / run05_AXIS_B,hold,9,-5.006250,descending,camera_gravity,STATIC,SD,0.129786,840,camera (gravity tilt interpolated onto camera times)
board_y,board_y/run05,RUN05 / run05_AXIS_B,hold,10,-9.998437,descending,camera_commanded,STATIC,Bias,0.287236,854,camera
board_y,board_y/run05,RUN05 / run05_AXIS_B,hold,10,-9.998437,descending,camera_commanded,STATIC,MaxAbs,0.378626,854,camera
board_y,board_y/run05,RUN05 / run05_AXIS_B,hold,10,-9.998437,descending,camera_commanded,STATIC,SD,0.041715,854,camera
board_y,board_y/run05,RUN05 / run05_AXIS_B,hold,10,-9.998437,descending,gravity_commanded,STATIC,Bias,0.382044,1543,imu
board_y,board_y/run05,RUN05 / run05_AXIS_B,hold,10,-9.998437,descending,gravity_commanded,STATIC,MaxAbs,1.840165,1543,imu
board_y,board_y/run05,RUN05 / run05_AXIS_B,hold,10,-9.998437,descending,gravity_commanded,STATIC,SD,0.186045,1543,imu
board_y,board_y/run05,RUN05 / run05_AXIS_B,hold,10,-9.998437,descending,camera_gravity,STATIC,Bias,-0.095742,854,camera (gravity tilt interpolated onto camera times)
board_y,board_y/run05,RUN05 / run05_AXIS_B,hold,10,-9.998437,descending,camera_gravity,STATIC,MaxAbs,1.193458,854,camera (gravity tilt interpolated onto camera times)
board_y,board_y/run05,RUN05 / run05_AXIS_B,hold,10,-9.998437,descending,camera_gravity,STATIC,SD,0.171884,854,camera (gravity tilt interpolated onto camera times)
board_y,board_y/run05,RUN05 / run05_AXIS_B,hold,11,-15.004688,descending,camera_commanded,STATIC,Bias,0.230812,840,camera
board_y,board_y/run05,RUN05 / run05_AXIS_B,hold,11,-15.004688,descending,camera_commanded,STATIC,MaxAbs,0.361323,840,camera
board_y,board_y/run05,RUN05 / run05_AXIS_B,hold,11,-15.004688,descending,camera_commanded,STATIC,SD,0.069207,840,camera
board_y,board_y/run05,RUN05 / run05_AXIS_B,hold,11,-15.004688,descending,gravity_commanded,STATIC,Bias,0.422367,1543,imu
board_y,board_y/run05,RUN05 / run05_AXIS_B,hold,11,-15.004688,descending,gravity_commanded,STATIC,MaxAbs,1.498040,1543,imu
board_y,board_y/run05,RUN05 / run05_AXIS_B,hold,11,-15.004688,descending,gravity_commanded,STATIC,SD,0.242302,1543,imu
board_y,board_y/run05,RUN05 / run05_AXIS_B,hold,11,-15.004688,descending,camera_gravity,STATIC,Bias,-0.191700,840,camera (gravity tilt interpolated onto camera times)
board_y,board_y/run05,RUN05 / run05_AXIS_B,hold,11,-15.004688,descending,camera_gravity,STATIC,MaxAbs,1.077860,840,camera (gravity tilt interpolated onto camera times)
board_y,board_y/run05,RUN05 / run05_AXIS_B,hold,11,-15.004688,descending,camera_gravity,STATIC,SD,0.217409,840,camera (gravity tilt interpolated onto camera times)
board_y,board_y/run05,RUN05 / run05_AXIS_B,hold,12,-19.996875,descending,camera_commanded,STATIC,Bias,0.319714,847,camera
board_y,board_y/run05,RUN05 / run05_AXIS_B,hold,12,-19.996875,descending,camera_commanded,STATIC,MaxAbs,0.421347,847,camera
board_y,board_y/run05,RUN05 / run05_AXIS_B,hold,12,-19.996875,descending,camera_commanded,STATIC,SD,0.059614,847,camera
board_y,board_y/run05,RUN05 / run05_AXIS_B,hold,12,-19.996875,descending,gravity_commanded,STATIC,Bias,0.579030,1543,imu
board_y,board_y/run05,RUN05 / run05_AXIS_B,hold,12,-19.996875,descending,gravity_commanded,STATIC,MaxAbs,1.964572,1543,imu
board_y,board_y/run05,RUN05 / run05_AXIS_B,hold,12,-19.996875,descending,gravity_commanded,STATIC,SD,0.201439,1543,imu
board_y,board_y/run05,RUN05 / run05_AXIS_B,hold,12,-19.996875,descending,camera_gravity,STATIC,Bias,-0.258772,847,camera (gravity tilt interpolated onto camera times)
board_y,board_y/run05,RUN05 / run05_AXIS_B,hold,12,-19.996875,descending,camera_gravity,STATIC,MaxAbs,1.191347,847,camera (gravity tilt interpolated onto camera times)
board_y,board_y/run05,RUN05 / run05_AXIS_B,hold,12,-19.996875,descending,camera_gravity,STATIC,SD,0.181712,847,camera (gravity tilt interpolated onto camera times)
board_y,board_y/run05,RUN05 / run05_AXIS_B,hold,13,-15.004688,ascending,camera_commanded,STATIC,Bias,0.371394,854,camera
board_y,board_y/run05,RUN05 / run05_AXIS_B,hold,13,-15.004688,ascending,camera_commanded,STATIC,MaxAbs,0.493925,854,camera
board_y,board_y/run05,RUN05 / run05_AXIS_B,hold,13,-15.004688,ascending,camera_commanded,STATIC,SD,0.069161,854,camera
board_y,board_y/run05,RUN05 / run05_AXIS_B,hold,13,-15.004688,ascending,gravity_commanded,STATIC,Bias,0.549322,1543,imu
board_y,board_y/run05,RUN05 / run05_AXIS_B,hold,13,-15.004688,ascending,gravity_commanded,STATIC,MaxAbs,1.565214,1543,imu
board_y,board_y/run05,RUN05 / run05_AXIS_B,hold,13,-15.004688,ascending,gravity_commanded,STATIC,SD,0.225979,1543,imu
board_y,board_y/run05,RUN05 / run05_AXIS_B,hold,13,-15.004688,ascending,camera_gravity,STATIC,Bias,-0.178735,854,camera (gravity tilt interpolated onto camera times)
board_y,board_y/run05,RUN05 / run05_AXIS_B,hold,13,-15.004688,ascending,camera_gravity,STATIC,MaxAbs,0.925715,854,camera (gravity tilt interpolated onto camera times)
board_y,board_y/run05,RUN05 / run05_AXIS_B,hold,13,-15.004688,ascending,camera_gravity,STATIC,SD,0.208720,854,camera (gravity tilt interpolated onto camera times)
board_y,board_y/run05,RUN05 / run05_AXIS_B,hold,14,-9.998437,ascending,camera_commanded,STATIC,Bias,0.367999,863,camera
board_y,board_y/run05,RUN05 / run05_AXIS_B,hold,14,-9.998437,ascending,camera_commanded,STATIC,MaxAbs,0.476933,863,camera
board_y,board_y/run05,RUN05 / run05_AXIS_B,hold,14,-9.998437,ascending,camera_commanded,STATIC,SD,0.058056,863,camera
board_y,board_y/run05,RUN05 / run05_AXIS_B,hold,14,-9.998437,ascending,gravity_commanded,STATIC,Bias,0.449543,1544,imu
board_y,board_y/run05,RUN05 / run05_AXIS_B,hold,14,-9.998437,ascending,gravity_commanded,STATIC,MaxAbs,1.653534,1544,imu
board_y,board_y/run05,RUN05 / run05_AXIS_B,hold,14,-9.998437,ascending,gravity_commanded,STATIC,SD,0.245507,1544,imu
board_y,board_y/run05,RUN05 / run05_AXIS_B,hold,14,-9.998437,ascending,camera_gravity,STATIC,Bias,-0.080599,863,camera (gravity tilt interpolated onto camera times)
board_y,board_y/run05,RUN05 / run05_AXIS_B,hold,14,-9.998437,ascending,camera_gravity,STATIC,MaxAbs,0.917383,863,camera (gravity tilt interpolated onto camera times)
board_y,board_y/run05,RUN05 / run05_AXIS_B,hold,14,-9.998437,ascending,camera_gravity,STATIC,SD,0.221564,863,camera (gravity tilt interpolated onto camera times)
board_y,board_y/run05,RUN05 / run05_AXIS_B,hold,15,-5.006250,ascending,camera_commanded,STATIC,Bias,0.391930,847,camera
board_y,board_y/run05,RUN05 / run05_AXIS_B,hold,15,-5.006250,ascending,camera_commanded,STATIC,MaxAbs,0.438967,847,camera
board_y,board_y/run05,RUN05 / run05_AXIS_B,hold,15,-5.006250,ascending,camera_commanded,STATIC,SD,0.017573,847,camera
board_y,board_y/run05,RUN05 / run05_AXIS_B,hold,15,-5.006250,ascending,gravity_commanded,STATIC,Bias,0.497478,1544,imu
board_y,board_y/run05,RUN05 / run05_AXIS_B,hold,15,-5.006250,ascending,gravity_commanded,STATIC,MaxAbs,1.279385,1544,imu
board_y,board_y/run05,RUN05 / run05_AXIS_B,hold,15,-5.006250,ascending,gravity_commanded,STATIC,SD,0.199296,1544,imu
board_y,board_y/run05,RUN05 / run05_AXIS_B,hold,15,-5.006250,ascending,camera_gravity,STATIC,Bias,-0.105320,847,camera (gravity tilt interpolated onto camera times)
board_y,board_y/run05,RUN05 / run05_AXIS_B,hold,15,-5.006250,ascending,camera_gravity,STATIC,MaxAbs,0.721494,847,camera (gravity tilt interpolated onto camera times)
board_y,board_y/run05,RUN05 / run05_AXIS_B,hold,15,-5.006250,ascending,camera_gravity,STATIC,SD,0.186469,847,camera (gravity tilt interpolated onto camera times)
board_y,board_y/run05,RUN05 / run05_AXIS_B,hold,16,0.000000,ascending,camera_commanded,STATIC,Bias,0.345494,846,camera
board_y,board_y/run05,RUN05 / run05_AXIS_B,hold,16,0.000000,ascending,camera_commanded,STATIC,MaxAbs,0.387177,846,camera
board_y,board_y/run05,RUN05 / run05_AXIS_B,hold,16,0.000000,ascending,camera_commanded,STATIC,SD,0.015057,846,camera
board_y,board_y/run05,RUN05 / run05_AXIS_B,hold,16,0.000000,ascending,gravity_commanded,STATIC,Bias,0.367256,1543,imu
board_y,board_y/run05,RUN05 / run05_AXIS_B,hold,16,0.000000,ascending,gravity_commanded,STATIC,MaxAbs,1.544809,1543,imu
board_y,board_y/run05,RUN05 / run05_AXIS_B,hold,16,0.000000,ascending,gravity_commanded,STATIC,SD,0.198555,1543,imu
board_y,board_y/run05,RUN05 / run05_AXIS_B,hold,16,0.000000,ascending,camera_gravity,STATIC,Bias,-0.023457,846,camera (gravity tilt interpolated onto camera times)
board_y,board_y/run05,RUN05 / run05_AXIS_B,hold,16,0.000000,ascending,camera_gravity,STATIC,MaxAbs,0.897607,846,camera (gravity tilt interpolated onto camera times)
board_y,board_y/run05,RUN05 / run05_AXIS_B,hold,16,0.000000,ascending,camera_gravity,STATIC,SD,0.175315,846,camera (gravity tilt interpolated onto camera times)
board_y,board_y/run05,RUN05 / run05_AXIS_B,pooled_by_command,0.000000,0.000000,all_visits,camera_commanded,STATIC,Bias,0.188658,2550,camera
board_y,board_y/run05,RUN05 / run05_AXIS_B,pooled_by_command,0.000000,0.000000,all_visits,camera_commanded,STATIC,MAE,0.195758,2550,camera
board_y,board_y/run05,RUN05 / run05_AXIS_B,pooled_by_command,0.000000,0.000000,all_visits,camera_commanded,STATIC,RMSE,0.240775,2550,camera
board_y,board_y/run05,RUN05 / run05_AXIS_B,pooled_by_command,0.000000,0.000000,all_visits,camera_commanded,STATIC,MaxAbs,0.387177,2550,camera
board_y,board_y/run05,RUN05 / run05_AXIS_B,pooled_by_command,0.000000,0.000000,all_visits,gravity_commanded,STATIC,Bias,0.205485,4631,imu
board_y,board_y/run05,RUN05 / run05_AXIS_B,pooled_by_command,0.000000,0.000000,all_visits,gravity_commanded,STATIC,MAE,0.257233,4631,imu
board_y,board_y/run05,RUN05 / run05_AXIS_B,pooled_by_command,0.000000,0.000000,all_visits,gravity_commanded,STATIC,RMSE,0.309358,4631,imu
board_y,board_y/run05,RUN05 / run05_AXIS_B,pooled_by_command,0.000000,0.000000,all_visits,gravity_commanded,STATIC,MaxAbs,1.544809,4631,imu
board_y,board_y/run05,RUN05 / run05_AXIS_B,pooled_by_command,0.000000,0.000000,all_visits,camera_gravity,STATIC,Bias,-0.016753,2550,camera (gravity tilt interpolated onto camera times)
board_y,board_y/run05,RUN05 / run05_AXIS_B,pooled_by_command,0.000000,0.000000,all_visits,camera_gravity,STATIC,MAE,0.110658,2550,camera (gravity tilt interpolated onto camera times)
board_y,board_y/run05,RUN05 / run05_AXIS_B,pooled_by_command,0.000000,0.000000,all_visits,camera_gravity,STATIC,RMSE,0.150876,2550,camera (gravity tilt interpolated onto camera times)
board_y,board_y/run05,RUN05 / run05_AXIS_B,pooled_by_command,0.000000,0.000000,all_visits,camera_gravity,STATIC,MaxAbs,0.897607,2550,camera (gravity tilt interpolated onto camera times)
board_y,board_y/run05,RUN05 / run05_AXIS_B,pooled_by_command,5.006250,5.006250,all_visits,camera_commanded,STATIC,Bias,0.224464,1662,camera
board_y,board_y/run05,RUN05 / run05_AXIS_B,pooled_by_command,5.006250,5.006250,all_visits,camera_commanded,STATIC,MAE,0.224464,1662,camera
board_y,board_y/run05,RUN05 / run05_AXIS_B,pooled_by_command,5.006250,5.006250,all_visits,camera_commanded,STATIC,RMSE,0.231432,1662,camera
board_y,board_y/run05,RUN05 / run05_AXIS_B,pooled_by_command,5.006250,5.006250,all_visits,camera_commanded,STATIC,MaxAbs,0.344050,1662,camera
board_y,board_y/run05,RUN05 / run05_AXIS_B,pooled_by_command,5.006250,5.006250,all_visits,gravity_commanded,STATIC,Bias,0.130142,3087,imu
board_y,board_y/run05,RUN05 / run05_AXIS_B,pooled_by_command,5.006250,5.006250,all_visits,gravity_commanded,STATIC,MAE,0.206553,3087,imu
board_y,board_y/run05,RUN05 / run05_AXIS_B,pooled_by_command,5.006250,5.006250,all_visits,gravity_commanded,STATIC,RMSE,0.280015,3087,imu
board_y,board_y/run05,RUN05 / run05_AXIS_B,pooled_by_command,5.006250,5.006250,all_visits,gravity_commanded,STATIC,MaxAbs,2.150652,3087,imu
board_y,board_y/run05,RUN05 / run05_AXIS_B,pooled_by_command,5.006250,5.006250,all_visits,camera_gravity,STATIC,Bias,0.093426,1662,camera (gravity tilt interpolated onto camera times)
board_y,board_y/run05,RUN05 / run05_AXIS_B,pooled_by_command,5.006250,5.006250,all_visits,camera_gravity,STATIC,MAE,0.180424,1662,camera (gravity tilt interpolated onto camera times)
board_y,board_y/run05,RUN05 / run05_AXIS_B,pooled_by_command,5.006250,5.006250,all_visits,camera_gravity,STATIC,RMSE,0.241407,1662,camera (gravity tilt interpolated onto camera times)
board_y,board_y/run05,RUN05 / run05_AXIS_B,pooled_by_command,5.006250,5.006250,all_visits,camera_gravity,STATIC,MaxAbs,1.188385,1662,camera (gravity tilt interpolated onto camera times)
board_y,board_y/run05,RUN05 / run05_AXIS_B,pooled_by_command,9.998438,9.998438,all_visits,camera_commanded,STATIC,Bias,0.224833,1678,camera
board_y,board_y/run05,RUN05 / run05_AXIS_B,pooled_by_command,9.998438,9.998438,all_visits,camera_commanded,STATIC,MAE,0.224833,1678,camera
board_y,board_y/run05,RUN05 / run05_AXIS_B,pooled_by_command,9.998438,9.998438,all_visits,camera_commanded,STATIC,RMSE,0.228817,1678,camera
board_y,board_y/run05,RUN05 / run05_AXIS_B,pooled_by_command,9.998438,9.998438,all_visits,camera_commanded,STATIC,MaxAbs,0.330278,1678,camera
board_y,board_y/run05,RUN05 / run05_AXIS_B,pooled_by_command,9.998438,9.998438,all_visits,gravity_commanded,STATIC,Bias,0.059463,3090,imu
board_y,board_y/run05,RUN05 / run05_AXIS_B,pooled_by_command,9.998438,9.998438,all_visits,gravity_commanded,STATIC,MAE,0.185166,3090,imu
board_y,board_y/run05,RUN05 / run05_AXIS_B,pooled_by_command,9.998438,9.998438,all_visits,gravity_commanded,STATIC,RMSE,0.255470,3090,imu
board_y,board_y/run05,RUN05 / run05_AXIS_B,pooled_by_command,9.998438,9.998438,all_visits,gravity_commanded,STATIC,MaxAbs,1.367037,3090,imu
board_y,board_y/run05,RUN05 / run05_AXIS_B,pooled_by_command,9.998438,9.998438,all_visits,camera_gravity,STATIC,Bias,0.166546,1678,camera (gravity tilt interpolated onto camera times)
board_y,board_y/run05,RUN05 / run05_AXIS_B,pooled_by_command,9.998438,9.998438,all_visits,camera_gravity,STATIC,MAE,0.229787,1678,camera (gravity tilt interpolated onto camera times)
board_y,board_y/run05,RUN05 / run05_AXIS_B,pooled_by_command,9.998438,9.998438,all_visits,camera_gravity,STATIC,RMSE,0.286664,1678,camera (gravity tilt interpolated onto camera times)
board_y,board_y/run05,RUN05 / run05_AXIS_B,pooled_by_command,9.998438,9.998438,all_visits,camera_gravity,STATIC,MaxAbs,1.047606,1678,camera (gravity tilt interpolated onto camera times)
board_y,board_y/run05,RUN05 / run05_AXIS_B,pooled_by_command,15.004688,15.004688,all_visits,camera_commanded,STATIC,Bias,0.300987,1672,camera
board_y,board_y/run05,RUN05 / run05_AXIS_B,pooled_by_command,15.004688,15.004688,all_visits,camera_commanded,STATIC,MAE,0.300987,1672,camera
board_y,board_y/run05,RUN05 / run05_AXIS_B,pooled_by_command,15.004688,15.004688,all_visits,camera_commanded,STATIC,RMSE,0.301550,1672,camera
board_y,board_y/run05,RUN05 / run05_AXIS_B,pooled_by_command,15.004688,15.004688,all_visits,camera_commanded,STATIC,MaxAbs,0.363565,1672,camera
board_y,board_y/run05,RUN05 / run05_AXIS_B,pooled_by_command,15.004688,15.004688,all_visits,gravity_commanded,STATIC,Bias,0.059622,3090,imu
board_y,board_y/run05,RUN05 / run05_AXIS_B,pooled_by_command,15.004688,15.004688,all_visits,gravity_commanded,STATIC,MAE,0.124032,3090,imu
board_y,board_y/run05,RUN05 / run05_AXIS_B,pooled_by_command,15.004688,15.004688,all_visits,gravity_commanded,STATIC,RMSE,0.157168,3090,imu
board_y,board_y/run05,RUN05 / run05_AXIS_B,pooled_by_command,15.004688,15.004688,all_visits,gravity_commanded,STATIC,MaxAbs,0.621024,3090,imu
board_y,board_y/run05,RUN05 / run05_AXIS_B,pooled_by_command,15.004688,15.004688,all_visits,camera_gravity,STATIC,Bias,0.242099,1672,camera (gravity tilt interpolated onto camera times)
board_y,board_y/run05,RUN05 / run05_AXIS_B,pooled_by_command,15.004688,15.004688,all_visits,camera_gravity,STATIC,MAE,0.245219,1672,camera (gravity tilt interpolated onto camera times)
board_y,board_y/run05,RUN05 / run05_AXIS_B,pooled_by_command,15.004688,15.004688,all_visits,camera_gravity,STATIC,RMSE,0.272778,1672,camera (gravity tilt interpolated onto camera times)
board_y,board_y/run05,RUN05 / run05_AXIS_B,pooled_by_command,15.004688,15.004688,all_visits,camera_gravity,STATIC,MaxAbs,0.685433,1672,camera (gravity tilt interpolated onto camera times)
board_y,board_y/run05,RUN05 / run05_AXIS_B,pooled_by_command,19.996875,19.996875,all_visits,camera_commanded,STATIC,Bias,0.306121,847,camera
board_y,board_y/run05,RUN05 / run05_AXIS_B,pooled_by_command,19.996875,19.996875,all_visits,camera_commanded,STATIC,MAE,0.306121,847,camera
board_y,board_y/run05,RUN05 / run05_AXIS_B,pooled_by_command,19.996875,19.996875,all_visits,camera_commanded,STATIC,RMSE,0.307610,847,camera
board_y,board_y/run05,RUN05 / run05_AXIS_B,pooled_by_command,19.996875,19.996875,all_visits,camera_commanded,STATIC,MaxAbs,0.396684,847,camera
board_y,board_y/run05,RUN05 / run05_AXIS_B,pooled_by_command,19.996875,19.996875,all_visits,gravity_commanded,STATIC,Bias,0.009686,1545,imu
board_y,board_y/run05,RUN05 / run05_AXIS_B,pooled_by_command,19.996875,19.996875,all_visits,gravity_commanded,STATIC,MAE,0.142889,1545,imu
board_y,board_y/run05,RUN05 / run05_AXIS_B,pooled_by_command,19.996875,19.996875,all_visits,gravity_commanded,STATIC,RMSE,0.193528,1545,imu
board_y,board_y/run05,RUN05 / run05_AXIS_B,pooled_by_command,19.996875,19.996875,all_visits,gravity_commanded,STATIC,MaxAbs,0.816387,1545,imu
board_y,board_y/run05,RUN05 / run05_AXIS_B,pooled_by_command,19.996875,19.996875,all_visits,camera_gravity,STATIC,Bias,0.294759,847,camera (gravity tilt interpolated onto camera times)
board_y,board_y/run05,RUN05 / run05_AXIS_B,pooled_by_command,19.996875,19.996875,all_visits,camera_gravity,STATIC,MAE,0.304719,847,camera (gravity tilt interpolated onto camera times)
board_y,board_y/run05,RUN05 / run05_AXIS_B,pooled_by_command,19.996875,19.996875,all_visits,camera_gravity,STATIC,RMSE,0.340426,847,camera (gravity tilt interpolated onto camera times)
board_y,board_y/run05,RUN05 / run05_AXIS_B,pooled_by_command,19.996875,19.996875,all_visits,camera_gravity,STATIC,MaxAbs,0.959869,847,camera (gravity tilt interpolated onto camera times)
board_y,board_y/run05,RUN05 / run05_AXIS_B,pooled_by_command,-5.006250,-5.006250,all_visits,camera_commanded,STATIC,Bias,0.353385,1687,camera
board_y,board_y/run05,RUN05 / run05_AXIS_B,pooled_by_command,-5.006250,-5.006250,all_visits,camera_commanded,STATIC,MAE,0.353385,1687,camera
board_y,board_y/run05,RUN05 / run05_AXIS_B,pooled_by_command,-5.006250,-5.006250,all_visits,camera_commanded,STATIC,RMSE,0.355773,1687,camera
board_y,board_y/run05,RUN05 / run05_AXIS_B,pooled_by_command,-5.006250,-5.006250,all_visits,camera_commanded,STATIC,MaxAbs,0.438967,1687,camera
board_y,board_y/run05,RUN05 / run05_AXIS_B,pooled_by_command,-5.006250,-5.006250,all_visits,gravity_commanded,STATIC,Bias,0.460513,3057,imu
board_y,board_y/run05,RUN05 / run05_AXIS_B,pooled_by_command,-5.006250,-5.006250,all_visits,gravity_commanded,STATIC,MAE,0.461715,3057,imu
board_y,board_y/run05,RUN05 / run05_AXIS_B,pooled_by_command,-5.006250,-5.006250,all_visits,gravity_commanded,STATIC,RMSE,0.495073,3057,imu
board_y,board_y/run05,RUN05 / run05_AXIS_B,pooled_by_command,-5.006250,-5.006250,all_visits,gravity_commanded,STATIC,MaxAbs,1.279385,3057,imu
board_y,board_y/run05,RUN05 / run05_AXIS_B,pooled_by_command,-5.006250,-5.006250,all_visits,camera_gravity,STATIC,Bias,-0.106121,1687,camera (gravity tilt interpolated onto camera times)
board_y,board_y/run05,RUN05 / run05_AXIS_B,pooled_by_command,-5.006250,-5.006250,all_visits,camera_gravity,STATIC,MAE,0.151913,1687,camera (gravity tilt interpolated onto camera times)
board_y,board_y/run05,RUN05 / run05_AXIS_B,pooled_by_command,-5.006250,-5.006250,all_visits,camera_gravity,STATIC,RMSE,0.192553,1687,camera (gravity tilt interpolated onto camera times)
board_y,board_y/run05,RUN05 / run05_AXIS_B,pooled_by_command,-5.006250,-5.006250,all_visits,camera_gravity,STATIC,MaxAbs,0.721494,1687,camera (gravity tilt interpolated onto camera times)
board_y,board_y/run05,RUN05 / run05_AXIS_B,pooled_by_command,-9.998438,-9.998438,all_visits,camera_commanded,STATIC,Bias,0.327829,1717,camera
board_y,board_y/run05,RUN05 / run05_AXIS_B,pooled_by_command,-9.998438,-9.998438,all_visits,camera_commanded,STATIC,MAE,0.327829,1717,camera
board_y,board_y/run05,RUN05 / run05_AXIS_B,pooled_by_command,-9.998438,-9.998438,all_visits,camera_commanded,STATIC,RMSE,0.334154,1717,camera
board_y,board_y/run05,RUN05 / run05_AXIS_B,pooled_by_command,-9.998438,-9.998438,all_visits,camera_commanded,STATIC,MaxAbs,0.476933,1717,camera
board_y,board_y/run05,RUN05 / run05_AXIS_B,pooled_by_command,-9.998438,-9.998438,all_visits,gravity_commanded,STATIC,Bias,0.415804,3087,imu
board_y,board_y/run05,RUN05 / run05_AXIS_B,pooled_by_command,-9.998438,-9.998438,all_visits,gravity_commanded,STATIC,MAE,0.425079,3087,imu
board_y,board_y/run05,RUN05 / run05_AXIS_B,pooled_by_command,-9.998438,-9.998438,all_visits,gravity_commanded,STATIC,RMSE,0.470584,3087,imu
board_y,board_y/run05,RUN05 / run05_AXIS_B,pooled_by_command,-9.998438,-9.998438,all_visits,gravity_commanded,STATIC,MaxAbs,1.840165,3087,imu
board_y,board_y/run05,RUN05 / run05_AXIS_B,pooled_by_command,-9.998438,-9.998438,all_visits,camera_gravity,STATIC,Bias,-0.088131,1717,camera (gravity tilt interpolated onto camera times)
board_y,board_y/run05,RUN05 / run05_AXIS_B,pooled_by_command,-9.998438,-9.998438,all_visits,camera_gravity,STATIC,MAE,0.162777,1717,camera (gravity tilt interpolated onto camera times)
board_y,board_y/run05,RUN05 / run05_AXIS_B,pooled_by_command,-9.998438,-9.998438,all_visits,camera_gravity,STATIC,RMSE,0.217134,1717,camera (gravity tilt interpolated onto camera times)
board_y,board_y/run05,RUN05 / run05_AXIS_B,pooled_by_command,-9.998438,-9.998438,all_visits,camera_gravity,STATIC,MaxAbs,1.193458,1717,camera (gravity tilt interpolated onto camera times)
board_y,board_y/run05,RUN05 / run05_AXIS_B,pooled_by_command,-15.004688,-15.004688,all_visits,camera_commanded,STATIC,Bias,0.301684,1694,camera
board_y,board_y/run05,RUN05 / run05_AXIS_B,pooled_by_command,-15.004688,-15.004688,all_visits,camera_commanded,STATIC,MAE,0.301684,1694,camera
board_y,board_y/run05,RUN05 / run05_AXIS_B,pooled_by_command,-15.004688,-15.004688,all_visits,camera_commanded,STATIC,RMSE,0.317387,1694,camera
board_y,board_y/run05,RUN05 / run05_AXIS_B,pooled_by_command,-15.004688,-15.004688,all_visits,camera_commanded,STATIC,MaxAbs,0.493925,1694,camera
board_y,board_y/run05,RUN05 / run05_AXIS_B,pooled_by_command,-15.004688,-15.004688,all_visits,gravity_commanded,STATIC,Bias,0.485844,3086,imu
board_y,board_y/run05,RUN05 / run05_AXIS_B,pooled_by_command,-15.004688,-15.004688,all_visits,gravity_commanded,STATIC,MAE,0.492009,3086,imu
board_y,board_y/run05,RUN05 / run05_AXIS_B,pooled_by_command,-15.004688,-15.004688,all_visits,gravity_commanded,STATIC,RMSE,0.543072,3086,imu
board_y,board_y/run05,RUN05 / run05_AXIS_B,pooled_by_command,-15.004688,-15.004688,all_visits,gravity_commanded,STATIC,MaxAbs,1.565214,3086,imu
board_y,board_y/run05,RUN05 / run05_AXIS_B,pooled_by_command,-15.004688,-15.004688,all_visits,camera_gravity,STATIC,Bias,-0.185164,1694,camera (gravity tilt interpolated onto camera times)
board_y,board_y/run05,RUN05 / run05_AXIS_B,pooled_by_command,-15.004688,-15.004688,all_visits,camera_gravity,STATIC,MAE,0.231285,1694,camera (gravity tilt interpolated onto camera times)
board_y,board_y/run05,RUN05 / run05_AXIS_B,pooled_by_command,-15.004688,-15.004688,all_visits,camera_gravity,STATIC,RMSE,0.282266,1694,camera (gravity tilt interpolated onto camera times)
board_y,board_y/run05,RUN05 / run05_AXIS_B,pooled_by_command,-15.004688,-15.004688,all_visits,camera_gravity,STATIC,MaxAbs,1.077860,1694,camera (gravity tilt interpolated onto camera times)
board_y,board_y/run05,RUN05 / run05_AXIS_B,pooled_by_command,-19.996875,-19.996875,all_visits,camera_commanded,STATIC,Bias,0.319714,847,camera
board_y,board_y/run05,RUN05 / run05_AXIS_B,pooled_by_command,-19.996875,-19.996875,all_visits,camera_commanded,STATIC,MAE,0.319714,847,camera
board_y,board_y/run05,RUN05 / run05_AXIS_B,pooled_by_command,-19.996875,-19.996875,all_visits,camera_commanded,STATIC,RMSE,0.325218,847,camera
board_y,board_y/run05,RUN05 / run05_AXIS_B,pooled_by_command,-19.996875,-19.996875,all_visits,camera_commanded,STATIC,MaxAbs,0.421347,847,camera
board_y,board_y/run05,RUN05 / run05_AXIS_B,pooled_by_command,-19.996875,-19.996875,all_visits,gravity_commanded,STATIC,Bias,0.579030,1543,imu
board_y,board_y/run05,RUN05 / run05_AXIS_B,pooled_by_command,-19.996875,-19.996875,all_visits,gravity_commanded,STATIC,MAE,0.582252,1543,imu
board_y,board_y/run05,RUN05 / run05_AXIS_B,pooled_by_command,-19.996875,-19.996875,all_visits,gravity_commanded,STATIC,RMSE,0.613048,1543,imu
board_y,board_y/run05,RUN05 / run05_AXIS_B,pooled_by_command,-19.996875,-19.996875,all_visits,gravity_commanded,STATIC,MaxAbs,1.964572,1543,imu
board_y,board_y/run05,RUN05 / run05_AXIS_B,pooled_by_command,-19.996875,-19.996875,all_visits,camera_gravity,STATIC,Bias,-0.258772,847,camera (gravity tilt interpolated onto camera times)
board_y,board_y/run05,RUN05 / run05_AXIS_B,pooled_by_command,-19.996875,-19.996875,all_visits,camera_gravity,STATIC,MAE,0.276745,847,camera (gravity tilt interpolated onto camera times)
board_y,board_y/run05,RUN05 / run05_AXIS_B,pooled_by_command,-19.996875,-19.996875,all_visits,camera_gravity,STATIC,RMSE,0.316138,847,camera (gravity tilt interpolated onto camera times)
board_y,board_y/run05,RUN05 / run05_AXIS_B,pooled_by_command,-19.996875,-19.996875,all_visits,camera_gravity,STATIC,MaxAbs,1.191347,847,camera (gravity tilt interpolated onto camera times)
board_y,board_y/run05,RUN05 / run05_AXIS_B,pooled_total,ALL,,all,camera_commanded,STATIC,Bias,0.274128,14354,camera
board_y,board_y/run05,RUN05 / run05_AXIS_B,pooled_total,ALL,,all,camera_commanded,STATIC,MAE,0.275389,14354,camera
board_y,board_y/run05,RUN05 / run05_AXIS_B,pooled_total,ALL,,all,camera_commanded,STATIC,RMSE,0.291819,14354,camera
board_y,board_y/run05,RUN05 / run05_AXIS_B,pooled_total,ALL,,all,camera_commanded,STATIC,MaxAbs,0.493925,14354,camera
board_y,board_y/run05,RUN05 / run05_AXIS_B,pooled_total,ALL,,all,gravity_commanded,STATIC,Bias,0.260162,26216,imu
board_y,board_y/run05,RUN05 / run05_AXIS_B,pooled_total,ALL,,all,gravity_commanded,STATIC,MAE,0.310707,26216,imu
board_y,board_y/run05,RUN05 / run05_AXIS_B,pooled_total,ALL,,all,gravity_commanded,STATIC,RMSE,0.387871,26216,imu
board_y,board_y/run05,RUN05 / run05_AXIS_B,pooled_total,ALL,,all,gravity_commanded,STATIC,MaxAbs,2.150652,26216,imu
board_y,board_y/run05,RUN05 / run05_AXIS_B,pooled_total,ALL,,all,camera_gravity,STATIC,Bias,0.012768,14354,camera (gravity tilt interpolated onto camera times)
board_y,board_y/run05,RUN05 / run05_AXIS_B,pooled_total,ALL,,all,camera_gravity,STATIC,MAE,0.194907,14354,camera (gravity tilt interpolated onto camera times)
board_y,board_y/run05,RUN05 / run05_AXIS_B,pooled_total,ALL,,all,camera_gravity,STATIC,RMSE,0.247389,14354,camera (gravity tilt interpolated onto camera times)
board_y,board_y/run05,RUN05 / run05_AXIS_B,pooled_total,ALL,,all,camera_gravity,STATIC,MaxAbs,1.193458,14354,camera (gravity tilt interpolated onto camera times)
board_x,board_x/axis_b_run01,run01_AXIS_B,rate_leg,0,1.000000,positive,camera_commanded,RAW_DYNAMIC,Bias,0.006295,1168,camera
board_x,board_x/axis_b_run01,run01_AXIS_B,rate_leg,0,1.000000,positive,camera_commanded,RAW_DYNAMIC,MAE,0.697028,1168,camera
board_x,board_x/axis_b_run01,run01_AXIS_B,rate_leg,0,1.000000,positive,camera_commanded,RAW_DYNAMIC,RMSE,0.886551,1168,camera
board_x,board_x/axis_b_run01,run01_AXIS_B,rate_leg,0,1.000000,positive,camera_commanded,RAW_DYNAMIC,MaxAbs,3.246345,1168,camera
board_x,board_x/axis_b_run01,run01_AXIS_B,rate_leg,0,1.000000,positive,gyro_commanded,RAW_DYNAMIC,Bias,-0.006380,3085,imu
board_x,board_x/axis_b_run01,run01_AXIS_B,rate_leg,0,1.000000,positive,gyro_commanded,RAW_DYNAMIC,MAE,0.399220,3085,imu
board_x,board_x/axis_b_run01,run01_AXIS_B,rate_leg,0,1.000000,positive,gyro_commanded,RAW_DYNAMIC,RMSE,0.495425,3085,imu
board_x,board_x/axis_b_run01,run01_AXIS_B,rate_leg,0,1.000000,positive,gyro_commanded,RAW_DYNAMIC,MaxAbs,1.469492,3085,imu
board_x,board_x/axis_b_run01,run01_AXIS_B,rate_leg,0,1.000000,positive,camera_gyro,RAW_DYNAMIC,Bias,0.010457,3085,imu (camera rate interpolated onto gyro times)
board_x,board_x/axis_b_run01,run01_AXIS_B,rate_leg,0,1.000000,positive,camera_gyro,RAW_DYNAMIC,MAE,0.791616,3085,imu (camera rate interpolated onto gyro times)
board_x,board_x/axis_b_run01,run01_AXIS_B,rate_leg,0,1.000000,positive,camera_gyro,RAW_DYNAMIC,RMSE,0.982977,3085,imu (camera rate interpolated onto gyro times)
board_x,board_x/axis_b_run01,run01_AXIS_B,rate_leg,0,1.000000,positive,camera_gyro,RAW_DYNAMIC,MaxAbs,4.315552,3085,imu (camera rate interpolated onto gyro times)
board_x,board_x/axis_b_run01,run01_AXIS_B,rate_leg,1,-1.000000,negative,camera_commanded,RAW_DYNAMIC,Bias,0.001016,1113,camera
board_x,board_x/axis_b_run01,run01_AXIS_B,rate_leg,1,-1.000000,negative,camera_commanded,RAW_DYNAMIC,MAE,0.708115,1113,camera
board_x,board_x/axis_b_run01,run01_AXIS_B,rate_leg,1,-1.000000,negative,camera_commanded,RAW_DYNAMIC,RMSE,0.951559,1113,camera
board_x,board_x/axis_b_run01,run01_AXIS_B,rate_leg,1,-1.000000,negative,camera_commanded,RAW_DYNAMIC,MaxAbs,3.783710,1113,camera
board_x,board_x/axis_b_run01,run01_AXIS_B,rate_leg,1,-1.000000,negative,gyro_commanded,RAW_DYNAMIC,Bias,0.006952,3084,imu
board_x,board_x/axis_b_run01,run01_AXIS_B,rate_leg,1,-1.000000,negative,gyro_commanded,RAW_DYNAMIC,MAE,0.390338,3084,imu
board_x,board_x/axis_b_run01,run01_AXIS_B,rate_leg,1,-1.000000,negative,gyro_commanded,RAW_DYNAMIC,RMSE,0.488117,3084,imu
board_x,board_x/axis_b_run01,run01_AXIS_B,rate_leg,1,-1.000000,negative,gyro_commanded,RAW_DYNAMIC,MaxAbs,1.431123,3084,imu
board_x,board_x/axis_b_run01,run01_AXIS_B,rate_leg,1,-1.000000,negative,camera_gyro,RAW_DYNAMIC,Bias,-0.010726,3084,imu (camera rate interpolated onto gyro times)
board_x,board_x/axis_b_run01,run01_AXIS_B,rate_leg,1,-1.000000,negative,camera_gyro,RAW_DYNAMIC,MAE,0.775813,3084,imu (camera rate interpolated onto gyro times)
board_x,board_x/axis_b_run01,run01_AXIS_B,rate_leg,1,-1.000000,negative,camera_gyro,RAW_DYNAMIC,RMSE,1.003319,3084,imu (camera rate interpolated onto gyro times)
board_x,board_x/axis_b_run01,run01_AXIS_B,rate_leg,1,-1.000000,negative,camera_gyro,RAW_DYNAMIC,MaxAbs,4.100168,3084,imu (camera rate interpolated onto gyro times)
board_x,board_x/axis_b_run01,run01_AXIS_B,rate_leg,2,1.000000,positive,camera_commanded,RAW_DYNAMIC,Bias,0.008985,1135,camera
board_x,board_x/axis_b_run01,run01_AXIS_B,rate_leg,2,1.000000,positive,camera_commanded,RAW_DYNAMIC,MAE,0.699266,1135,camera
board_x,board_x/axis_b_run01,run01_AXIS_B,rate_leg,2,1.000000,positive,camera_commanded,RAW_DYNAMIC,RMSE,0.914303,1135,camera
board_x,board_x/axis_b_run01,run01_AXIS_B,rate_leg,2,1.000000,positive,camera_commanded,RAW_DYNAMIC,MaxAbs,3.592352,1135,camera
board_x,board_x/axis_b_run01,run01_AXIS_B,rate_leg,2,1.000000,positive,gyro_commanded,RAW_DYNAMIC,Bias,-0.005431,3086,imu
board_x,board_x/axis_b_run01,run01_AXIS_B,rate_leg,2,1.000000,positive,gyro_commanded,RAW_DYNAMIC,MAE,0.395013,3086,imu
board_x,board_x/axis_b_run01,run01_AXIS_B,rate_leg,2,1.000000,positive,gyro_commanded,RAW_DYNAMIC,RMSE,0.491240,3086,imu
board_x,board_x/axis_b_run01,run01_AXIS_B,rate_leg,2,1.000000,positive,gyro_commanded,RAW_DYNAMIC,MaxAbs,1.443632,3086,imu
board_x,board_x/axis_b_run01,run01_AXIS_B,rate_leg,2,1.000000,positive,camera_gyro,RAW_DYNAMIC,Bias,0.013481,3086,imu (camera rate interpolated onto gyro times)
board_x,board_x/axis_b_run01,run01_AXIS_B,rate_leg,2,1.000000,positive,camera_gyro,RAW_DYNAMIC,MAE,0.768243,3086,imu (camera rate interpolated onto gyro times)
board_x,board_x/axis_b_run01,run01_AXIS_B,rate_leg,2,1.000000,positive,camera_gyro,RAW_DYNAMIC,RMSE,0.964627,3086,imu (camera rate interpolated onto gyro times)
board_x,board_x/axis_b_run01,run01_AXIS_B,rate_leg,2,1.000000,positive,camera_gyro,RAW_DYNAMIC,MaxAbs,3.760238,3086,imu (camera rate interpolated onto gyro times)
board_x,board_x/axis_b_run01,run01_AXIS_B,rate_leg,3,-1.000000,negative,camera_commanded,RAW_DYNAMIC,Bias,-0.008771,1155,camera
board_x,board_x/axis_b_run01,run01_AXIS_B,rate_leg,3,-1.000000,negative,camera_commanded,RAW_DYNAMIC,MAE,0.679535,1155,camera
board_x,board_x/axis_b_run01,run01_AXIS_B,rate_leg,3,-1.000000,negative,camera_commanded,RAW_DYNAMIC,RMSE,0.894533,1155,camera
board_x,board_x/axis_b_run01,run01_AXIS_B,rate_leg,3,-1.000000,negative,camera_commanded,RAW_DYNAMIC,MaxAbs,3.785325,1155,camera
board_x,board_x/axis_b_run01,run01_AXIS_B,rate_leg,3,-1.000000,negative,gyro_commanded,RAW_DYNAMIC,Bias,0.002664,3085,imu
board_x,board_x/axis_b_run01,run01_AXIS_B,rate_leg,3,-1.000000,negative,gyro_commanded,RAW_DYNAMIC,MAE,0.387865,3085,imu
board_x,board_x/axis_b_run01,run01_AXIS_B,rate_leg,3,-1.000000,negative,gyro_commanded,RAW_DYNAMIC,RMSE,0.484354,3085,imu
board_x,board_x/axis_b_run01,run01_AXIS_B,rate_leg,3,-1.000000,negative,gyro_commanded,RAW_DYNAMIC,MaxAbs,1.417142,3085,imu
board_x,board_x/axis_b_run01,run01_AXIS_B,rate_leg,3,-1.000000,negative,camera_gyro,RAW_DYNAMIC,Bias,-0.011652,3085,imu (camera rate interpolated onto gyro times)
board_x,board_x/axis_b_run01,run01_AXIS_B,rate_leg,3,-1.000000,negative,camera_gyro,RAW_DYNAMIC,MAE,0.740521,3085,imu (camera rate interpolated onto gyro times)
board_x,board_x/axis_b_run01,run01_AXIS_B,rate_leg,3,-1.000000,negative,camera_gyro,RAW_DYNAMIC,RMSE,0.935677,3085,imu (camera rate interpolated onto gyro times)
board_x,board_x/axis_b_run01,run01_AXIS_B,rate_leg,3,-1.000000,negative,camera_gyro,RAW_DYNAMIC,MaxAbs,3.773641,3085,imu (camera rate interpolated onto gyro times)
board_x,board_x/axis_b_run01,run01_AXIS_B,rate_leg,4,2.000000,positive,camera_commanded,RAW_DYNAMIC,Bias,0.013603,545,camera
board_x,board_x/axis_b_run01,run01_AXIS_B,rate_leg,4,2.000000,positive,camera_commanded,RAW_DYNAMIC,MAE,0.705852,545,camera
board_x,board_x/axis_b_run01,run01_AXIS_B,rate_leg,4,2.000000,positive,camera_commanded,RAW_DYNAMIC,RMSE,0.918161,545,camera
board_x,board_x/axis_b_run01,run01_AXIS_B,rate_leg,4,2.000000,positive,camera_commanded,RAW_DYNAMIC,MaxAbs,3.892171,545,camera
board_x,board_x/axis_b_run01,run01_AXIS_B,rate_leg,4,2.000000,positive,gyro_commanded,RAW_DYNAMIC,Bias,-0.011562,1544,imu
board_x,board_x/axis_b_run01,run01_AXIS_B,rate_leg,4,2.000000,positive,gyro_commanded,RAW_DYNAMIC,MAE,0.338163,1544,imu
board_x,board_x/axis_b_run01,run01_AXIS_B,rate_leg,4,2.000000,positive,gyro_commanded,RAW_DYNAMIC,RMSE,0.440918,1544,imu
board_x,board_x/axis_b_run01,run01_AXIS_B,rate_leg,4,2.000000,positive,gyro_commanded,RAW_DYNAMIC,MaxAbs,1.415662,1544,imu
board_x,board_x/axis_b_run01,run01_AXIS_B,rate_leg,4,2.000000,positive,camera_gyro,RAW_DYNAMIC,Bias,0.025683,1544,imu (camera rate interpolated onto gyro times)
board_x,board_x/axis_b_run01,run01_AXIS_B,rate_leg,4,2.000000,positive,camera_gyro,RAW_DYNAMIC,MAE,0.703711,1544,imu (camera rate interpolated onto gyro times)
board_x,board_x/axis_b_run01,run01_AXIS_B,rate_leg,4,2.000000,positive,camera_gyro,RAW_DYNAMIC,RMSE,0.919477,1544,imu (camera rate interpolated onto gyro times)
board_x,board_x/axis_b_run01,run01_AXIS_B,rate_leg,4,2.000000,positive,camera_gyro,RAW_DYNAMIC,MaxAbs,3.484996,1544,imu (camera rate interpolated onto gyro times)
board_x,board_x/axis_b_run01,run01_AXIS_B,rate_leg,5,-2.000000,negative,camera_commanded,RAW_DYNAMIC,Bias,-0.013528,549,camera
board_x,board_x/axis_b_run01,run01_AXIS_B,rate_leg,5,-2.000000,negative,camera_commanded,RAW_DYNAMIC,MAE,0.696577,549,camera
board_x,board_x/axis_b_run01,run01_AXIS_B,rate_leg,5,-2.000000,negative,camera_commanded,RAW_DYNAMIC,RMSE,0.931280,549,camera
board_x,board_x/axis_b_run01,run01_AXIS_B,rate_leg,5,-2.000000,negative,camera_commanded,RAW_DYNAMIC,MaxAbs,3.894278,549,camera
board_x,board_x/axis_b_run01,run01_AXIS_B,rate_leg,5,-2.000000,negative,gyro_commanded,RAW_DYNAMIC,Bias,0.015389,1543,imu
board_x,board_x/axis_b_run01,run01_AXIS_B,rate_leg,5,-2.000000,negative,gyro_commanded,RAW_DYNAMIC,MAE,0.345570,1543,imu
board_x,board_x/axis_b_run01,run01_AXIS_B,rate_leg,5,-2.000000,negative,gyro_commanded,RAW_DYNAMIC,RMSE,0.446933,1543,imu
board_x,board_x/axis_b_run01,run01_AXIS_B,rate_leg,5,-2.000000,negative,gyro_commanded,RAW_DYNAMIC,MaxAbs,1.503801,1543,imu
board_x,board_x/axis_b_run01,run01_AXIS_B,rate_leg,5,-2.000000,negative,camera_gyro,RAW_DYNAMIC,Bias,-0.027317,1543,imu (camera rate interpolated onto gyro times)
board_x,board_x/axis_b_run01,run01_AXIS_B,rate_leg,5,-2.000000,negative,camera_gyro,RAW_DYNAMIC,MAE,0.719464,1543,imu (camera rate interpolated onto gyro times)
board_x,board_x/axis_b_run01,run01_AXIS_B,rate_leg,5,-2.000000,negative,camera_gyro,RAW_DYNAMIC,RMSE,0.947754,1543,imu (camera rate interpolated onto gyro times)
board_x,board_x/axis_b_run01,run01_AXIS_B,rate_leg,5,-2.000000,negative,camera_gyro,RAW_DYNAMIC,MaxAbs,3.850573,1543,imu (camera rate interpolated onto gyro times)
board_x,board_x/axis_b_run01,run01_AXIS_B,rate_leg,6,2.000000,positive,camera_commanded,RAW_DYNAMIC,Bias,0.029620,562,camera
board_x,board_x/axis_b_run01,run01_AXIS_B,rate_leg,6,2.000000,positive,camera_commanded,RAW_DYNAMIC,MAE,0.718314,562,camera
board_x,board_x/axis_b_run01,run01_AXIS_B,rate_leg,6,2.000000,positive,camera_commanded,RAW_DYNAMIC,RMSE,0.942391,562,camera
board_x,board_x/axis_b_run01,run01_AXIS_B,rate_leg,6,2.000000,positive,camera_commanded,RAW_DYNAMIC,MaxAbs,3.492661,562,camera
board_x,board_x/axis_b_run01,run01_AXIS_B,rate_leg,6,2.000000,positive,gyro_commanded,RAW_DYNAMIC,Bias,-0.011243,1543,imu
board_x,board_x/axis_b_run01,run01_AXIS_B,rate_leg,6,2.000000,positive,gyro_commanded,RAW_DYNAMIC,MAE,0.338088,1543,imu
board_x,board_x/axis_b_run01,run01_AXIS_B,rate_leg,6,2.000000,positive,gyro_commanded,RAW_DYNAMIC,RMSE,0.439228,1543,imu
board_x,board_x/axis_b_run01,run01_AXIS_B,rate_leg,6,2.000000,positive,gyro_commanded,RAW_DYNAMIC,MaxAbs,1.438009,1543,imu
board_x,board_x/axis_b_run01,run01_AXIS_B,rate_leg,6,2.000000,positive,camera_gyro,RAW_DYNAMIC,Bias,0.037559,1543,imu (camera rate interpolated onto gyro times)
board_x,board_x/axis_b_run01,run01_AXIS_B,rate_leg,6,2.000000,positive,camera_gyro,RAW_DYNAMIC,MAE,0.696429,1543,imu (camera rate interpolated onto gyro times)
board_x,board_x/axis_b_run01,run01_AXIS_B,rate_leg,6,2.000000,positive,camera_gyro,RAW_DYNAMIC,RMSE,0.911498,1543,imu (camera rate interpolated onto gyro times)
board_x,board_x/axis_b_run01,run01_AXIS_B,rate_leg,6,2.000000,positive,camera_gyro,RAW_DYNAMIC,MaxAbs,3.838337,1543,imu (camera rate interpolated onto gyro times)
board_x,board_x/axis_b_run01,run01_AXIS_B,rate_leg,7,-2.000000,negative,camera_commanded,RAW_DYNAMIC,Bias,-0.013189,567,camera
board_x,board_x/axis_b_run01,run01_AXIS_B,rate_leg,7,-2.000000,negative,camera_commanded,RAW_DYNAMIC,MAE,0.753024,567,camera
board_x,board_x/axis_b_run01,run01_AXIS_B,rate_leg,7,-2.000000,negative,camera_commanded,RAW_DYNAMIC,RMSE,0.970339,567,camera
board_x,board_x/axis_b_run01,run01_AXIS_B,rate_leg,7,-2.000000,negative,camera_commanded,RAW_DYNAMIC,MaxAbs,3.661026,567,camera
board_x,board_x/axis_b_run01,run01_AXIS_B,rate_leg,7,-2.000000,negative,gyro_commanded,RAW_DYNAMIC,Bias,0.007251,1541,imu
board_x,board_x/axis_b_run01,run01_AXIS_B,rate_leg,7,-2.000000,negative,gyro_commanded,RAW_DYNAMIC,MAE,0.341076,1541,imu
board_x,board_x/axis_b_run01,run01_AXIS_B,rate_leg,7,-2.000000,negative,gyro_commanded,RAW_DYNAMIC,RMSE,0.444679,1541,imu
board_x,board_x/axis_b_run01,run01_AXIS_B,rate_leg,7,-2.000000,negative,gyro_commanded,RAW_DYNAMIC,MaxAbs,1.499561,1541,imu
board_x,board_x/axis_b_run01,run01_AXIS_B,rate_leg,7,-2.000000,negative,camera_gyro,RAW_DYNAMIC,Bias,-0.019544,1541,imu (camera rate interpolated onto gyro times)
board_x,board_x/axis_b_run01,run01_AXIS_B,rate_leg,7,-2.000000,negative,camera_gyro,RAW_DYNAMIC,MAE,0.729950,1541,imu (camera rate interpolated onto gyro times)
board_x,board_x/axis_b_run01,run01_AXIS_B,rate_leg,7,-2.000000,negative,camera_gyro,RAW_DYNAMIC,RMSE,0.939073,1541,imu (camera rate interpolated onto gyro times)
board_x,board_x/axis_b_run01,run01_AXIS_B,rate_leg,7,-2.000000,negative,camera_gyro,RAW_DYNAMIC,MaxAbs,4.553630,1541,imu (camera rate interpolated onto gyro times)
board_x,board_x/axis_b_run01,run01_AXIS_B,rate_leg,8,5.000000,positive,camera_commanded,RAW_DYNAMIC,Bias,0.040544,228,camera
board_x,board_x/axis_b_run01,run01_AXIS_B,rate_leg,8,5.000000,positive,camera_commanded,RAW_DYNAMIC,MAE,1.432569,228,camera
board_x,board_x/axis_b_run01,run01_AXIS_B,rate_leg,8,5.000000,positive,camera_commanded,RAW_DYNAMIC,RMSE,1.819238,228,camera
board_x,board_x/axis_b_run01,run01_AXIS_B,rate_leg,8,5.000000,positive,camera_commanded,RAW_DYNAMIC,MaxAbs,4.779577,228,camera
board_x,board_x/axis_b_run01,run01_AXIS_B,rate_leg,8,5.000000,positive,gyro_commanded,RAW_DYNAMIC,Bias,-0.021708,615,imu
board_x,board_x/axis_b_run01,run01_AXIS_B,rate_leg,8,5.000000,positive,gyro_commanded,RAW_DYNAMIC,MAE,1.209196,615,imu
board_x,board_x/axis_b_run01,run01_AXIS_B,rate_leg,8,5.000000,positive,gyro_commanded,RAW_DYNAMIC,RMSE,1.478036,615,imu
board_x,board_x/axis_b_run01,run01_AXIS_B,rate_leg,8,5.000000,positive,gyro_commanded,RAW_DYNAMIC,MaxAbs,4.255914,615,imu
board_x,board_x/axis_b_run01,run01_AXIS_B,rate_leg,8,5.000000,positive,camera_gyro,RAW_DYNAMIC,Bias,0.063600,615,imu (camera rate interpolated onto gyro times)
board_x,board_x/axis_b_run01,run01_AXIS_B,rate_leg,8,5.000000,positive,camera_gyro,RAW_DYNAMIC,MAE,1.976757,615,imu (camera rate interpolated onto gyro times)
board_x,board_x/axis_b_run01,run01_AXIS_B,rate_leg,8,5.000000,positive,camera_gyro,RAW_DYNAMIC,RMSE,2.483906,615,imu (camera rate interpolated onto gyro times)
board_x,board_x/axis_b_run01,run01_AXIS_B,rate_leg,8,5.000000,positive,camera_gyro,RAW_DYNAMIC,MaxAbs,6.922067,615,imu (camera rate interpolated onto gyro times)
board_x,board_x/axis_b_run01,run01_AXIS_B,rate_leg,9,-5.000000,negative,camera_commanded,RAW_DYNAMIC,Bias,-0.029800,226,camera
board_x,board_x/axis_b_run01,run01_AXIS_B,rate_leg,9,-5.000000,negative,camera_commanded,RAW_DYNAMIC,MAE,1.432289,226,camera
board_x,board_x/axis_b_run01,run01_AXIS_B,rate_leg,9,-5.000000,negative,camera_commanded,RAW_DYNAMIC,RMSE,1.767953,226,camera
board_x,board_x/axis_b_run01,run01_AXIS_B,rate_leg,9,-5.000000,negative,camera_commanded,RAW_DYNAMIC,MaxAbs,5.015477,226,camera
board_x,board_x/axis_b_run01,run01_AXIS_B,rate_leg,9,-5.000000,negative,gyro_commanded,RAW_DYNAMIC,Bias,0.023695,617,imu
board_x,board_x/axis_b_run01,run01_AXIS_B,rate_leg,9,-5.000000,negative,gyro_commanded,RAW_DYNAMIC,MAE,1.205281,617,imu
board_x,board_x/axis_b_run01,run01_AXIS_B,rate_leg,9,-5.000000,negative,gyro_commanded,RAW_DYNAMIC,RMSE,1.476279,617,imu
board_x,board_x/axis_b_run01,run01_AXIS_B,rate_leg,9,-5.000000,negative,gyro_commanded,RAW_DYNAMIC,MaxAbs,4.167743,617,imu
board_x,board_x/axis_b_run01,run01_AXIS_B,rate_leg,9,-5.000000,negative,camera_gyro,RAW_DYNAMIC,Bias,-0.058088,617,imu (camera rate interpolated onto gyro times)
board_x,board_x/axis_b_run01,run01_AXIS_B,rate_leg,9,-5.000000,negative,camera_gyro,RAW_DYNAMIC,MAE,1.958602,617,imu (camera rate interpolated onto gyro times)
board_x,board_x/axis_b_run01,run01_AXIS_B,rate_leg,9,-5.000000,negative,camera_gyro,RAW_DYNAMIC,RMSE,2.419647,617,imu (camera rate interpolated onto gyro times)
board_x,board_x/axis_b_run01,run01_AXIS_B,rate_leg,9,-5.000000,negative,camera_gyro,RAW_DYNAMIC,MaxAbs,6.935291,617,imu (camera rate interpolated onto gyro times)
board_x,board_x/axis_b_run01,run01_AXIS_B,rate_leg,10,5.000000,positive,camera_commanded,RAW_DYNAMIC,Bias,0.043018,229,camera
board_x,board_x/axis_b_run01,run01_AXIS_B,rate_leg,10,5.000000,positive,camera_commanded,RAW_DYNAMIC,MAE,1.542509,229,camera
board_x,board_x/axis_b_run01,run01_AXIS_B,rate_leg,10,5.000000,positive,camera_commanded,RAW_DYNAMIC,RMSE,1.903619,229,camera
board_x,board_x/axis_b_run01,run01_AXIS_B,rate_leg,10,5.000000,positive,camera_commanded,RAW_DYNAMIC,MaxAbs,4.986612,229,camera
board_x,board_x/axis_b_run01,run01_AXIS_B,rate_leg,10,5.000000,positive,gyro_commanded,RAW_DYNAMIC,Bias,-0.033627,617,imu
board_x,board_x/axis_b_run01,run01_AXIS_B,rate_leg,10,5.000000,positive,gyro_commanded,RAW_DYNAMIC,MAE,1.209797,617,imu
board_x,board_x/axis_b_run01,run01_AXIS_B,rate_leg,10,5.000000,positive,gyro_commanded,RAW_DYNAMIC,RMSE,1.478878,617,imu
board_x,board_x/axis_b_run01,run01_AXIS_B,rate_leg,10,5.000000,positive,gyro_commanded,RAW_DYNAMIC,MaxAbs,4.103692,617,imu
board_x,board_x/axis_b_run01,run01_AXIS_B,rate_leg,10,5.000000,positive,camera_gyro,RAW_DYNAMIC,Bias,0.067839,617,imu (camera rate interpolated onto gyro times)
board_x,board_x/axis_b_run01,run01_AXIS_B,rate_leg,10,5.000000,positive,camera_gyro,RAW_DYNAMIC,MAE,2.003442,617,imu (camera rate interpolated onto gyro times)
board_x,board_x/axis_b_run01,run01_AXIS_B,rate_leg,10,5.000000,positive,camera_gyro,RAW_DYNAMIC,RMSE,2.496891,617,imu (camera rate interpolated onto gyro times)
board_x,board_x/axis_b_run01,run01_AXIS_B,rate_leg,10,5.000000,positive,camera_gyro,RAW_DYNAMIC,MaxAbs,6.903805,617,imu (camera rate interpolated onto gyro times)
board_x,board_x/axis_b_run01,run01_AXIS_B,rate_leg,11,-5.000000,negative,camera_commanded,RAW_DYNAMIC,Bias,-0.059680,226,camera
board_x,board_x/axis_b_run01,run01_AXIS_B,rate_leg,11,-5.000000,negative,camera_commanded,RAW_DYNAMIC,MAE,1.540533,226,camera
board_x,board_x/axis_b_run01,run01_AXIS_B,rate_leg,11,-5.000000,negative,camera_commanded,RAW_DYNAMIC,RMSE,1.866172,226,camera
board_x,board_x/axis_b_run01,run01_AXIS_B,rate_leg,11,-5.000000,negative,camera_commanded,RAW_DYNAMIC,MaxAbs,5.627732,226,camera
board_x,board_x/axis_b_run01,run01_AXIS_B,rate_leg,11,-5.000000,negative,gyro_commanded,RAW_DYNAMIC,Bias,0.025647,618,imu
board_x,board_x/axis_b_run01,run01_AXIS_B,rate_leg,11,-5.000000,negative,gyro_commanded,RAW_DYNAMIC,MAE,1.194233,618,imu
board_x,board_x/axis_b_run01,run01_AXIS_B,rate_leg,11,-5.000000,negative,gyro_commanded,RAW_DYNAMIC,RMSE,1.468799,618,imu
board_x,board_x/axis_b_run01,run01_AXIS_B,rate_leg,11,-5.000000,negative,gyro_commanded,RAW_DYNAMIC,MaxAbs,4.116079,618,imu
board_x,board_x/axis_b_run01,run01_AXIS_B,rate_leg,11,-5.000000,negative,camera_gyro,RAW_DYNAMIC,Bias,-0.071855,618,imu (camera rate interpolated onto gyro times)
board_x,board_x/axis_b_run01,run01_AXIS_B,rate_leg,11,-5.000000,negative,camera_gyro,RAW_DYNAMIC,MAE,1.958668,618,imu (camera rate interpolated onto gyro times)
board_x,board_x/axis_b_run01,run01_AXIS_B,rate_leg,11,-5.000000,negative,camera_gyro,RAW_DYNAMIC,RMSE,2.477143,618,imu (camera rate interpolated onto gyro times)
board_x,board_x/axis_b_run01,run01_AXIS_B,rate_leg,11,-5.000000,negative,camera_gyro,RAW_DYNAMIC,MaxAbs,6.854503,618,imu (camera rate interpolated onto gyro times)
board_x,board_x/axis_b_run01,run01_AXIS_B,rate_leg,12,10.000000,positive,camera_commanded,RAW_DYNAMIC,Bias,0.128433,114,camera
board_x,board_x/axis_b_run01,run01_AXIS_B,rate_leg,12,10.000000,positive,camera_commanded,RAW_DYNAMIC,MAE,2.292497,114,camera
board_x,board_x/axis_b_run01,run01_AXIS_B,rate_leg,12,10.000000,positive,camera_commanded,RAW_DYNAMIC,RMSE,2.882941,114,camera
board_x,board_x/axis_b_run01,run01_AXIS_B,rate_leg,12,10.000000,positive,camera_commanded,RAW_DYNAMIC,MaxAbs,8.401894,114,camera
board_x,board_x/axis_b_run01,run01_AXIS_B,rate_leg,12,10.000000,positive,gyro_commanded,RAW_DYNAMIC,Bias,-0.107422,308,imu
board_x,board_x/axis_b_run01,run01_AXIS_B,rate_leg,12,10.000000,positive,gyro_commanded,RAW_DYNAMIC,MAE,1.943103,308,imu
board_x,board_x/axis_b_run01,run01_AXIS_B,rate_leg,12,10.000000,positive,gyro_commanded,RAW_DYNAMIC,RMSE,2.262270,308,imu
board_x,board_x/axis_b_run01,run01_AXIS_B,rate_leg,12,10.000000,positive,gyro_commanded,RAW_DYNAMIC,MaxAbs,5.224475,308,imu
board_x,board_x/axis_b_run01,run01_AXIS_B,rate_leg,12,10.000000,positive,camera_gyro,RAW_DYNAMIC,Bias,0.225426,308,imu (camera rate interpolated onto gyro times)
board_x,board_x/axis_b_run01,run01_AXIS_B,rate_leg,12,10.000000,positive,camera_gyro,RAW_DYNAMIC,MAE,3.458045,308,imu (camera rate interpolated onto gyro times)
board_x,board_x/axis_b_run01,run01_AXIS_B,rate_leg,12,10.000000,positive,camera_gyro,RAW_DYNAMIC,RMSE,3.970208,308,imu (camera rate interpolated onto gyro times)
board_x,board_x/axis_b_run01,run01_AXIS_B,rate_leg,12,10.000000,positive,camera_gyro,RAW_DYNAMIC,MaxAbs,10.890983,308,imu (camera rate interpolated onto gyro times)
board_x,board_x/axis_b_run01,run01_AXIS_B,rate_leg,13,-10.000000,negative,camera_commanded,RAW_DYNAMIC,Bias,-0.101781,113,camera
board_x,board_x/axis_b_run01,run01_AXIS_B,rate_leg,13,-10.000000,negative,camera_commanded,RAW_DYNAMIC,MAE,2.295282,113,camera
board_x,board_x/axis_b_run01,run01_AXIS_B,rate_leg,13,-10.000000,negative,camera_commanded,RAW_DYNAMIC,RMSE,2.853694,113,camera
board_x,board_x/axis_b_run01,run01_AXIS_B,rate_leg,13,-10.000000,negative,camera_commanded,RAW_DYNAMIC,MaxAbs,7.928671,113,camera
board_x,board_x/axis_b_run01,run01_AXIS_B,rate_leg,13,-10.000000,negative,gyro_commanded,RAW_DYNAMIC,Bias,0.131578,309,imu
board_x,board_x/axis_b_run01,run01_AXIS_B,rate_leg,13,-10.000000,negative,gyro_commanded,RAW_DYNAMIC,MAE,2.001339,309,imu
board_x,board_x/axis_b_run01,run01_AXIS_B,rate_leg,13,-10.000000,negative,gyro_commanded,RAW_DYNAMIC,RMSE,2.334129,309,imu
board_x,board_x/axis_b_run01,run01_AXIS_B,rate_leg,13,-10.000000,negative,gyro_commanded,RAW_DYNAMIC,MaxAbs,5.085568,309,imu
board_x,board_x/axis_b_run01,run01_AXIS_B,rate_leg,13,-10.000000,negative,camera_gyro,RAW_DYNAMIC,Bias,-0.229270,309,imu (camera rate interpolated onto gyro times)
board_x,board_x/axis_b_run01,run01_AXIS_B,rate_leg,13,-10.000000,negative,camera_gyro,RAW_DYNAMIC,MAE,3.421340,309,imu (camera rate interpolated onto gyro times)
board_x,board_x/axis_b_run01,run01_AXIS_B,rate_leg,13,-10.000000,negative,camera_gyro,RAW_DYNAMIC,RMSE,4.032001,309,imu (camera rate interpolated onto gyro times)
board_x,board_x/axis_b_run01,run01_AXIS_B,rate_leg,13,-10.000000,negative,camera_gyro,RAW_DYNAMIC,MaxAbs,10.150118,309,imu (camera rate interpolated onto gyro times)
board_x,board_x/axis_b_run01,run01_AXIS_B,rate_leg,14,10.000000,positive,camera_commanded,RAW_DYNAMIC,Bias,0.100901,115,camera
board_x,board_x/axis_b_run01,run01_AXIS_B,rate_leg,14,10.000000,positive,camera_commanded,RAW_DYNAMIC,MAE,2.467190,115,camera
board_x,board_x/axis_b_run01,run01_AXIS_B,rate_leg,14,10.000000,positive,camera_commanded,RAW_DYNAMIC,RMSE,2.957938,115,camera
board_x,board_x/axis_b_run01,run01_AXIS_B,rate_leg,14,10.000000,positive,camera_commanded,RAW_DYNAMIC,MaxAbs,8.478117,115,camera
board_x,board_x/axis_b_run01,run01_AXIS_B,rate_leg,14,10.000000,positive,gyro_commanded,RAW_DYNAMIC,Bias,-0.117274,308,imu
board_x,board_x/axis_b_run01,run01_AXIS_B,rate_leg,14,10.000000,positive,gyro_commanded,RAW_DYNAMIC,MAE,2.027111,308,imu
board_x,board_x/axis_b_run01,run01_AXIS_B,rate_leg,14,10.000000,positive,gyro_commanded,RAW_DYNAMIC,RMSE,2.350728,308,imu
board_x,board_x/axis_b_run01,run01_AXIS_B,rate_leg,14,10.000000,positive,gyro_commanded,RAW_DYNAMIC,MaxAbs,5.413297,308,imu
board_x,board_x/axis_b_run01,run01_AXIS_B,rate_leg,14,10.000000,positive,camera_gyro,RAW_DYNAMIC,Bias,0.191815,308,imu (camera rate interpolated onto gyro times)
board_x,board_x/axis_b_run01,run01_AXIS_B,rate_leg,14,10.000000,positive,camera_gyro,RAW_DYNAMIC,MAE,3.559786,308,imu (camera rate interpolated onto gyro times)
board_x,board_x/axis_b_run01,run01_AXIS_B,rate_leg,14,10.000000,positive,camera_gyro,RAW_DYNAMIC,RMSE,4.105760,308,imu (camera rate interpolated onto gyro times)
board_x,board_x/axis_b_run01,run01_AXIS_B,rate_leg,14,10.000000,positive,camera_gyro,RAW_DYNAMIC,MaxAbs,8.835879,308,imu (camera rate interpolated onto gyro times)
board_x,board_x/axis_b_run01,run01_AXIS_B,rate_leg,15,-10.000000,negative,camera_commanded,RAW_DYNAMIC,Bias,-0.183363,115,camera
board_x,board_x/axis_b_run01,run01_AXIS_B,rate_leg,15,-10.000000,negative,camera_commanded,RAW_DYNAMIC,MAE,2.485428,115,camera
board_x,board_x/axis_b_run01,run01_AXIS_B,rate_leg,15,-10.000000,negative,camera_commanded,RAW_DYNAMIC,RMSE,3.030082,115,camera
board_x,board_x/axis_b_run01,run01_AXIS_B,rate_leg,15,-10.000000,negative,camera_commanded,RAW_DYNAMIC,MaxAbs,9.517473,115,camera
board_x,board_x/axis_b_run01,run01_AXIS_B,rate_leg,15,-10.000000,negative,gyro_commanded,RAW_DYNAMIC,Bias,0.133524,309,imu
board_x,board_x/axis_b_run01,run01_AXIS_B,rate_leg,15,-10.000000,negative,gyro_commanded,RAW_DYNAMIC,MAE,1.977051,309,imu
board_x,board_x/axis_b_run01,run01_AXIS_B,rate_leg,15,-10.000000,negative,gyro_commanded,RAW_DYNAMIC,RMSE,2.328982,309,imu
board_x,board_x/axis_b_run01,run01_AXIS_B,rate_leg,15,-10.000000,negative,gyro_commanded,RAW_DYNAMIC,MaxAbs,5.033625,309,imu
board_x,board_x/axis_b_run01,run01_AXIS_B,rate_leg,15,-10.000000,negative,camera_gyro,RAW_DYNAMIC,Bias,-0.298170,309,imu (camera rate interpolated onto gyro times)
board_x,board_x/axis_b_run01,run01_AXIS_B,rate_leg,15,-10.000000,negative,camera_gyro,RAW_DYNAMIC,MAE,3.534841,309,imu (camera rate interpolated onto gyro times)
board_x,board_x/axis_b_run01,run01_AXIS_B,rate_leg,15,-10.000000,negative,camera_gyro,RAW_DYNAMIC,RMSE,4.146753,309,imu (camera rate interpolated onto gyro times)
board_x,board_x/axis_b_run01,run01_AXIS_B,rate_leg,15,-10.000000,negative,camera_gyro,RAW_DYNAMIC,MaxAbs,12.356420,309,imu (camera rate interpolated onto gyro times)
board_x,board_x/axis_b_run01,run01_AXIS_B,pooled_by_rate,,1.000000,magnitude,camera_commanded,RAW_DYNAMIC,MAE,0.695863,4571,camera
board_x,board_x/axis_b_run01,run01_AXIS_B,pooled_by_rate,,1.000000,magnitude,camera_commanded,RAW_DYNAMIC,RMSE,0.911630,4571,camera
board_x,board_x/axis_b_run01,run01_AXIS_B,pooled_by_rate,,1.000000,magnitude,camera_commanded,RAW_DYNAMIC,MaxAbs,3.785325,4571,camera
board_x,board_x/axis_b_run01,run01_AXIS_B,pooled_by_rate,,1.000000,positive,camera_commanded,RAW_DYNAMIC,Bias,0.007620,2303,camera
board_x,board_x/axis_b_run01,run01_AXIS_B,pooled_by_rate,,1.000000,negative,camera_commanded,RAW_DYNAMIC,Bias,-0.003968,2268,camera
board_x,board_x/axis_b_run01,run01_AXIS_B,pooled_by_rate,,1.000000,magnitude,gyro_commanded,RAW_DYNAMIC,MAE,0.393110,12340,imu
board_x,board_x/axis_b_run01,run01_AXIS_B,pooled_by_rate,,1.000000,magnitude,gyro_commanded,RAW_DYNAMIC,RMSE,0.489801,12340,imu
board_x,board_x/axis_b_run01,run01_AXIS_B,pooled_by_rate,,1.000000,magnitude,gyro_commanded,RAW_DYNAMIC,MaxAbs,1.469492,12340,imu
board_x,board_x/axis_b_run01,run01_AXIS_B,pooled_by_rate,,1.000000,positive,gyro_commanded,RAW_DYNAMIC,Bias,-0.005905,6171,imu
board_x,board_x/axis_b_run01,run01_AXIS_B,pooled_by_rate,,1.000000,negative,gyro_commanded,RAW_DYNAMIC,Bias,0.004808,6169,imu
board_x,board_x/axis_b_run01,run01_AXIS_B,pooled_by_rate,,1.000000,magnitude,camera_gyro,RAW_DYNAMIC,MAE,0.769048,12340,imu (camera rate interpolated onto gyro times)
board_x,board_x/axis_b_run01,run01_AXIS_B,pooled_by_rate,,1.000000,magnitude,camera_gyro,RAW_DYNAMIC,RMSE,0.971965,12340,imu (camera rate interpolated onto gyro times)
board_x,board_x/axis_b_run01,run01_AXIS_B,pooled_by_rate,,1.000000,magnitude,camera_gyro,RAW_DYNAMIC,MaxAbs,4.315552,12340,imu (camera rate interpolated onto gyro times)
board_x,board_x/axis_b_run01,run01_AXIS_B,pooled_by_rate,,1.000000,positive,camera_gyro,RAW_DYNAMIC,Bias,0.011969,6171,imu (camera rate interpolated onto gyro times)
board_x,board_x/axis_b_run01,run01_AXIS_B,pooled_by_rate,,1.000000,negative,camera_gyro,RAW_DYNAMIC,Bias,-0.011189,6169,imu (camera rate interpolated onto gyro times)
board_x,board_x/axis_b_run01,run01_AXIS_B,pooled_by_rate,,2.000000,magnitude,camera_commanded,RAW_DYNAMIC,MAE,0.718744,2223,camera
board_x,board_x/axis_b_run01,run01_AXIS_B,pooled_by_rate,,2.000000,magnitude,camera_commanded,RAW_DYNAMIC,RMSE,0.941032,2223,camera
board_x,board_x/axis_b_run01,run01_AXIS_B,pooled_by_rate,,2.000000,magnitude,camera_commanded,RAW_DYNAMIC,MaxAbs,3.894278,2223,camera
board_x,board_x/axis_b_run01,run01_AXIS_B,pooled_by_rate,,2.000000,positive,camera_commanded,RAW_DYNAMIC,Bias,0.021735,1107,camera
board_x,board_x/axis_b_run01,run01_AXIS_B,pooled_by_rate,,2.000000,negative,camera_commanded,RAW_DYNAMIC,Bias,-0.013356,1116,camera
board_x,board_x/axis_b_run01,run01_AXIS_B,pooled_by_rate,,2.000000,magnitude,gyro_commanded,RAW_DYNAMIC,MAE,0.340724,6171,imu
board_x,board_x/axis_b_run01,run01_AXIS_B,pooled_by_rate,,2.000000,magnitude,gyro_commanded,RAW_DYNAMIC,RMSE,0.442949,6171,imu
board_x,board_x/axis_b_run01,run01_AXIS_B,pooled_by_rate,,2.000000,magnitude,gyro_commanded,RAW_DYNAMIC,MaxAbs,1.503801,6171,imu
board_x,board_x/axis_b_run01,run01_AXIS_B,pooled_by_rate,,2.000000,positive,gyro_commanded,RAW_DYNAMIC,Bias,-0.011403,3087,imu
board_x,board_x/axis_b_run01,run01_AXIS_B,pooled_by_rate,,2.000000,negative,gyro_commanded,RAW_DYNAMIC,Bias,0.011323,3084,imu
board_x,board_x/axis_b_run01,run01_AXIS_B,pooled_by_rate,,2.000000,magnitude,camera_gyro,RAW_DYNAMIC,MAE,0.712381,6171,imu (camera rate interpolated onto gyro times)
board_x,board_x/axis_b_run01,run01_AXIS_B,pooled_by_rate,,2.000000,magnitude,camera_gyro,RAW_DYNAMIC,RMSE,0.929560,6171,imu (camera rate interpolated onto gyro times)
board_x,board_x/axis_b_run01,run01_AXIS_B,pooled_by_rate,,2.000000,magnitude,camera_gyro,RAW_DYNAMIC,MaxAbs,4.553630,6171,imu (camera rate interpolated onto gyro times)
board_x,board_x/axis_b_run01,run01_AXIS_B,pooled_by_rate,,2.000000,positive,camera_gyro,RAW_DYNAMIC,Bias,0.031619,3087,imu (camera rate interpolated onto gyro times)
board_x,board_x/axis_b_run01,run01_AXIS_B,pooled_by_rate,,2.000000,negative,camera_gyro,RAW_DYNAMIC,Bias,-0.023433,3084,imu (camera rate interpolated onto gyro times)
board_x,board_x/axis_b_run01,run01_AXIS_B,pooled_by_rate,,5.000000,magnitude,camera_commanded,RAW_DYNAMIC,MAE,1.487039,909,camera
board_x,board_x/axis_b_run01,run01_AXIS_B,pooled_by_rate,,5.000000,magnitude,camera_commanded,RAW_DYNAMIC,RMSE,1.840117,909,camera
board_x,board_x/axis_b_run01,run01_AXIS_B,pooled_by_rate,,5.000000,magnitude,camera_commanded,RAW_DYNAMIC,MaxAbs,5.627732,909,camera
board_x,board_x/axis_b_run01,run01_AXIS_B,pooled_by_rate,,5.000000,positive,camera_commanded,RAW_DYNAMIC,Bias,0.041784,457,camera
board_x,board_x/axis_b_run01,run01_AXIS_B,pooled_by_rate,,5.000000,negative,camera_commanded,RAW_DYNAMIC,Bias,-0.044740,452,camera
board_x,board_x/axis_b_run01,run01_AXIS_B,pooled_by_rate,,5.000000,magnitude,gyro_commanded,RAW_DYNAMIC,MAE,1.204619,2467,imu
board_x,board_x/axis_b_run01,run01_AXIS_B,pooled_by_rate,,5.000000,magnitude,gyro_commanded,RAW_DYNAMIC,RMSE,1.475498,2467,imu
board_x,board_x/axis_b_run01,run01_AXIS_B,pooled_by_rate,,5.000000,magnitude,gyro_commanded,RAW_DYNAMIC,MaxAbs,4.255914,2467,imu
board_x,board_x/axis_b_run01,run01_AXIS_B,pooled_by_rate,,5.000000,positive,gyro_commanded,RAW_DYNAMIC,Bias,-0.027677,1232,imu
board_x,board_x/axis_b_run01,run01_AXIS_B,pooled_by_rate,,5.000000,negative,gyro_commanded,RAW_DYNAMIC,Bias,0.024672,1235,imu
board_x,board_x/axis_b_run01,run01_AXIS_B,pooled_by_rate,,5.000000,magnitude,camera_gyro,RAW_DYNAMIC,MAE,1.974359,2467,imu (camera rate interpolated onto gyro times)
board_x,board_x/axis_b_run01,run01_AXIS_B,pooled_by_rate,,5.000000,magnitude,camera_gyro,RAW_DYNAMIC,RMSE,2.469565,2467,imu (camera rate interpolated onto gyro times)
board_x,board_x/axis_b_run01,run01_AXIS_B,pooled_by_rate,,5.000000,magnitude,camera_gyro,RAW_DYNAMIC,MaxAbs,6.935291,2467,imu (camera rate interpolated onto gyro times)
board_x,board_x/axis_b_run01,run01_AXIS_B,pooled_by_rate,,5.000000,positive,camera_gyro,RAW_DYNAMIC,Bias,0.065723,1232,imu (camera rate interpolated onto gyro times)
board_x,board_x/axis_b_run01,run01_AXIS_B,pooled_by_rate,,5.000000,negative,camera_gyro,RAW_DYNAMIC,Bias,-0.064977,1235,imu (camera rate interpolated onto gyro times)
board_x,board_x/axis_b_run01,run01_AXIS_B,pooled_by_rate,,10.000000,magnitude,camera_commanded,RAW_DYNAMIC,MAE,2.385695,457,camera
board_x,board_x/axis_b_run01,run01_AXIS_B,pooled_by_rate,,10.000000,magnitude,camera_commanded,RAW_DYNAMIC,RMSE,2.932411,457,camera
board_x,board_x/axis_b_run01,run01_AXIS_B,pooled_by_rate,,10.000000,magnitude,camera_commanded,RAW_DYNAMIC,MaxAbs,9.517473,457,camera
board_x,board_x/axis_b_run01,run01_AXIS_B,pooled_by_rate,,10.000000,positive,camera_commanded,RAW_DYNAMIC,Bias,0.114607,229,camera
board_x,board_x/axis_b_run01,run01_AXIS_B,pooled_by_rate,,10.000000,negative,camera_commanded,RAW_DYNAMIC,Bias,-0.142930,228,camera
board_x,board_x/axis_b_run01,run01_AXIS_B,pooled_by_rate,,10.000000,magnitude,gyro_commanded,RAW_DYNAMIC,MAE,1.987154,1234,imu
board_x,board_x/axis_b_run01,run01_AXIS_B,pooled_by_rate,,10.000000,magnitude,gyro_commanded,RAW_DYNAMIC,RMSE,2.319293,1234,imu
board_x,board_x/axis_b_run01,run01_AXIS_B,pooled_by_rate,,10.000000,magnitude,gyro_commanded,RAW_DYNAMIC,MaxAbs,5.413297,1234,imu
board_x,board_x/axis_b_run01,run01_AXIS_B,pooled_by_rate,,10.000000,positive,gyro_commanded,RAW_DYNAMIC,Bias,-0.112348,616,imu
board_x,board_x/axis_b_run01,run01_AXIS_B,pooled_by_rate,,10.000000,negative,gyro_commanded,RAW_DYNAMIC,Bias,0.132551,618,imu
board_x,board_x/axis_b_run01,run01_AXIS_B,pooled_by_rate,,10.000000,magnitude,camera_gyro,RAW_DYNAMIC,MAE,3.493478,1234,imu (camera rate interpolated onto gyro times)
board_x,board_x/axis_b_run01,run01_AXIS_B,pooled_by_rate,,10.000000,magnitude,camera_gyro,RAW_DYNAMIC,RMSE,4.064288,1234,imu (camera rate interpolated onto gyro times)
board_x,board_x/axis_b_run01,run01_AXIS_B,pooled_by_rate,,10.000000,magnitude,camera_gyro,RAW_DYNAMIC,MaxAbs,12.356420,1234,imu (camera rate interpolated onto gyro times)
board_x,board_x/axis_b_run01,run01_AXIS_B,pooled_by_rate,,10.000000,positive,camera_gyro,RAW_DYNAMIC,Bias,0.208621,616,imu (camera rate interpolated onto gyro times)
board_x,board_x/axis_b_run01,run01_AXIS_B,pooled_by_rate,,10.000000,negative,camera_gyro,RAW_DYNAMIC,Bias,-0.263720,618,imu (camera rate interpolated onto gyro times)
board_x,board_x/axis_b_run01,run01_AXIS_B,pooled_total,ALL,ALL,all_magnitudes,camera_commanded,RAW_DYNAMIC,MAE,0.884870,8160,camera
board_x,board_x/axis_b_run01,run01_AXIS_B,pooled_total,ALL,ALL,all_magnitudes,camera_commanded,RAW_DYNAMIC,RMSE,1.251227,8160,camera
board_x,board_x/axis_b_run01,run01_AXIS_B,pooled_total,ALL,ALL,all_magnitudes,camera_commanded,RAW_DYNAMIC,MaxAbs,9.517473,8160,camera
board_x,board_x/axis_b_run01,run01_AXIS_B,pooled_total,ALL,ALL,all_magnitudes,gyro_commanded,RAW_DYNAMIC,MAE,0.557245,22212,imu
board_x,board_x/axis_b_run01,run01_AXIS_B,pooled_total,ALL,ALL,all_magnitudes,gyro_commanded,RAW_DYNAMIC,RMSE,0.853482,22212,imu
board_x,board_x/axis_b_run01,run01_AXIS_B,pooled_total,ALL,ALL,all_magnitudes,gyro_commanded,RAW_DYNAMIC,MaxAbs,5.413297,22212,imu
board_x,board_x/axis_b_run01,run01_AXIS_B,pooled_total,ALL,ALL,all_magnitudes,camera_gyro,RAW_DYNAMIC,MAE,1.038531,22212,imu (camera rate interpolated onto gyro times)
board_x,board_x/axis_b_run01,run01_AXIS_B,pooled_total,ALL,ALL,all_magnitudes,camera_gyro,RAW_DYNAMIC,RMSE,1.536216,22212,imu (camera rate interpolated onto gyro times)
board_x,board_x/axis_b_run01,run01_AXIS_B,pooled_total,ALL,ALL,all_magnitudes,camera_gyro,RAW_DYNAMIC,MaxAbs,12.356420,22212,imu (camera rate interpolated onto gyro times)
board_x,board_x/axis_b_run01,run01_AXIS_B,pooled_by_rate,,1.000000,magnitude,camera_commanded,SG_SECONDARY,MAE,0.035151,4571,camera
board_x,board_x/axis_b_run01,run01_AXIS_B,pooled_by_rate,,1.000000,magnitude,camera_commanded,SG_SECONDARY,RMSE,0.046167,4571,camera
board_x,board_x/axis_b_run01,run01_AXIS_B,pooled_by_rate,,1.000000,magnitude,camera_commanded,SG_SECONDARY,MaxAbs,0.157578,4571,camera
board_x,board_x/axis_b_run01,run01_AXIS_B,pooled_by_rate,,2.000000,magnitude,camera_commanded,SG_SECONDARY,MAE,0.044350,2223,camera
board_x,board_x/axis_b_run01,run01_AXIS_B,pooled_by_rate,,2.000000,magnitude,camera_commanded,SG_SECONDARY,RMSE,0.053326,2223,camera
board_x,board_x/axis_b_run01,run01_AXIS_B,pooled_by_rate,,2.000000,magnitude,camera_commanded,SG_SECONDARY,MaxAbs,0.127253,2223,camera
board_x,board_x/axis_b_run01,run01_AXIS_B,pooled_by_rate,,5.000000,magnitude,camera_commanded,SG_SECONDARY,MAE,0.040308,909,camera
board_x,board_x/axis_b_run01,run01_AXIS_B,pooled_by_rate,,5.000000,magnitude,camera_commanded,SG_SECONDARY,RMSE,0.046353,909,camera
board_x,board_x/axis_b_run01,run01_AXIS_B,pooled_by_rate,,5.000000,magnitude,camera_commanded,SG_SECONDARY,MaxAbs,0.096381,909,camera
board_x,board_x/axis_b_run01,run01_AXIS_B,pooled_by_rate,,10.000000,magnitude,camera_commanded,SG_SECONDARY,MAE,0.240738,457,camera
board_x,board_x/axis_b_run01,run01_AXIS_B,pooled_by_rate,,10.000000,magnitude,camera_commanded,SG_SECONDARY,RMSE,0.464771,457,camera
board_x,board_x/axis_b_run01,run01_AXIS_B,pooled_by_rate,,10.000000,magnitude,camera_commanded,SG_SECONDARY,MaxAbs,2.267419,457,camera
board_x,board_x/axis_b_run01,run01_AXIS_B,pooled_total,,ALL,magnitude,camera_commanded,SG_SECONDARY,MAE,0.049745,8160,camera
board_x,board_x/axis_b_run01,run01_AXIS_B,pooled_total,,ALL,magnitude,camera_commanded,SG_SECONDARY,RMSE,0.119606,8160,camera
board_x,board_x/axis_b_run01,run01_AXIS_B,pooled_total,,ALL,magnitude,camera_commanded,SG_SECONDARY,MaxAbs,2.267419,8160,camera
board_x,board_x/axis_b_run01,run01_AXIS_B,rate_leg,0,1.000000,positive,camera_commanded,DISPLACEMENT_SCALE,scale_error_percent,0.5614,,camera
board_x,board_x/axis_b_run01,run01_AXIS_B,rate_leg,1,-1.000000,negative,camera_commanded,DISPLACEMENT_SCALE,scale_error_percent,0.8665,,camera
board_x,board_x/axis_b_run01,run01_AXIS_B,rate_leg,2,1.000000,positive,camera_commanded,DISPLACEMENT_SCALE,scale_error_percent,0.6700,,camera
board_x,board_x/axis_b_run01,run01_AXIS_B,rate_leg,3,-1.000000,negative,camera_commanded,DISPLACEMENT_SCALE,scale_error_percent,0.7282,,camera
board_x,board_x/axis_b_run01,run01_AXIS_B,rate_leg,4,2.000000,positive,camera_commanded,DISPLACEMENT_SCALE,scale_error_percent,0.6678,,camera
board_x,board_x/axis_b_run01,run01_AXIS_B,rate_leg,5,-2.000000,negative,camera_commanded,DISPLACEMENT_SCALE,scale_error_percent,0.9061,,camera
board_x,board_x/axis_b_run01,run01_AXIS_B,rate_leg,6,2.000000,positive,camera_commanded,DISPLACEMENT_SCALE,scale_error_percent,0.8129,,camera
board_x,board_x/axis_b_run01,run01_AXIS_B,rate_leg,7,-2.000000,negative,camera_commanded,DISPLACEMENT_SCALE,scale_error_percent,1.0430,,camera
board_x,board_x/axis_b_run01,run01_AXIS_B,rate_leg,8,5.000000,positive,camera_commanded,DISPLACEMENT_SCALE,scale_error_percent,0.9153,,camera
board_x,board_x/axis_b_run01,run01_AXIS_B,rate_leg,9,-5.000000,negative,camera_commanded,DISPLACEMENT_SCALE,scale_error_percent,0.2730,,camera
board_x,board_x/axis_b_run01,run01_AXIS_B,rate_leg,10,5.000000,positive,camera_commanded,DISPLACEMENT_SCALE,scale_error_percent,1.0173,,camera
board_x,board_x/axis_b_run01,run01_AXIS_B,rate_leg,11,-5.000000,negative,camera_commanded,DISPLACEMENT_SCALE,scale_error_percent,0.6105,,camera
board_x,board_x/axis_b_run01,run01_AXIS_B,rate_leg,12,10.000000,positive,camera_commanded,DISPLACEMENT_SCALE,scale_error_percent,1.0497,,camera
board_x,board_x/axis_b_run01,run01_AXIS_B,rate_leg,13,-10.000000,negative,camera_commanded,DISPLACEMENT_SCALE,scale_error_percent,1.3996,,camera
board_x,board_x/axis_b_run01,run01_AXIS_B,rate_leg,14,10.000000,positive,camera_commanded,DISPLACEMENT_SCALE,scale_error_percent,1.0804,,camera
board_x,board_x/axis_b_run01,run01_AXIS_B,rate_leg,15,-10.000000,negative,camera_commanded,DISPLACEMENT_SCALE,scale_error_percent,1.6115,,camera
board_y,board_y/run05,RUN05 / run05_AXIS_B,rate_leg,0,1.000000,positive,camera_commanded,RAW_DYNAMIC,Bias,0.001543,1707,camera
board_y,board_y/run05,RUN05 / run05_AXIS_B,rate_leg,0,1.000000,positive,camera_commanded,RAW_DYNAMIC,MAE,0.764700,1707,camera
board_y,board_y/run05,RUN05 / run05_AXIS_B,rate_leg,0,1.000000,positive,camera_commanded,RAW_DYNAMIC,RMSE,0.952172,1707,camera
board_y,board_y/run05,RUN05 / run05_AXIS_B,rate_leg,0,1.000000,positive,camera_commanded,RAW_DYNAMIC,MaxAbs,3.220639,1707,camera
board_y,board_y/run05,RUN05 / run05_AXIS_B,rate_leg,0,1.000000,positive,gyro_commanded,RAW_DYNAMIC,Bias,0.003024,3085,imu
board_y,board_y/run05,RUN05 / run05_AXIS_B,rate_leg,0,1.000000,positive,gyro_commanded,RAW_DYNAMIC,MAE,0.471739,3085,imu
board_y,board_y/run05,RUN05 / run05_AXIS_B,rate_leg,0,1.000000,positive,gyro_commanded,RAW_DYNAMIC,RMSE,0.586470,3085,imu
board_y,board_y/run05,RUN05 / run05_AXIS_B,rate_leg,0,1.000000,positive,gyro_commanded,RAW_DYNAMIC,MaxAbs,2.171772,3085,imu
board_y,board_y/run05,RUN05 / run05_AXIS_B,rate_leg,0,1.000000,positive,camera_gyro,RAW_DYNAMIC,Bias,-0.003112,3085,imu (camera rate interpolated onto gyro times)
board_y,board_y/run05,RUN05 / run05_AXIS_B,rate_leg,0,1.000000,positive,camera_gyro,RAW_DYNAMIC,MAE,0.780484,3085,imu (camera rate interpolated onto gyro times)
board_y,board_y/run05,RUN05 / run05_AXIS_B,rate_leg,0,1.000000,positive,camera_gyro,RAW_DYNAMIC,RMSE,0.972939,3085,imu (camera rate interpolated onto gyro times)
board_y,board_y/run05,RUN05 / run05_AXIS_B,rate_leg,0,1.000000,positive,camera_gyro,RAW_DYNAMIC,MaxAbs,4.126422,3085,imu (camera rate interpolated onto gyro times)
board_y,board_y/run05,RUN05 / run05_AXIS_B,rate_leg,1,-1.000000,negative,camera_commanded,RAW_DYNAMIC,Bias,0.001830,1662,camera
board_y,board_y/run05,RUN05 / run05_AXIS_B,rate_leg,1,-1.000000,negative,camera_commanded,RAW_DYNAMIC,MAE,0.745735,1662,camera
board_y,board_y/run05,RUN05 / run05_AXIS_B,rate_leg,1,-1.000000,negative,camera_commanded,RAW_DYNAMIC,RMSE,0.943693,1662,camera
board_y,board_y/run05,RUN05 / run05_AXIS_B,rate_leg,1,-1.000000,negative,camera_commanded,RAW_DYNAMIC,MaxAbs,3.590475,1662,camera
board_y,board_y/run05,RUN05 / run05_AXIS_B,rate_leg,1,-1.000000,negative,gyro_commanded,RAW_DYNAMIC,Bias,0.001610,3082,imu
board_y,board_y/run05,RUN05 / run05_AXIS_B,rate_leg,1,-1.000000,negative,gyro_commanded,RAW_DYNAMIC,MAE,0.473600,3082,imu
board_y,board_y/run05,RUN05 / run05_AXIS_B,rate_leg,1,-1.000000,negative,gyro_commanded,RAW_DYNAMIC,RMSE,0.595645,3082,imu
board_y,board_y/run05,RUN05 / run05_AXIS_B,rate_leg,1,-1.000000,negative,gyro_commanded,RAW_DYNAMIC,MaxAbs,2.065838,3082,imu
board_y,board_y/run05,RUN05 / run05_AXIS_B,rate_leg,1,-1.000000,negative,camera_gyro,RAW_DYNAMIC,Bias,-0.002153,3082,imu (camera rate interpolated onto gyro times)
board_y,board_y/run05,RUN05 / run05_AXIS_B,rate_leg,1,-1.000000,negative,camera_gyro,RAW_DYNAMIC,MAE,0.744373,3082,imu (camera rate interpolated onto gyro times)
board_y,board_y/run05,RUN05 / run05_AXIS_B,rate_leg,1,-1.000000,negative,camera_gyro,RAW_DYNAMIC,RMSE,0.936110,3082,imu (camera rate interpolated onto gyro times)
board_y,board_y/run05,RUN05 / run05_AXIS_B,rate_leg,1,-1.000000,negative,camera_gyro,RAW_DYNAMIC,MaxAbs,3.573385,3082,imu (camera rate interpolated onto gyro times)
board_y,board_y/run05,RUN05 / run05_AXIS_B,rate_leg,2,1.000000,positive,camera_commanded,RAW_DYNAMIC,Bias,-0.003312,1675,camera
board_y,board_y/run05,RUN05 / run05_AXIS_B,rate_leg,2,1.000000,positive,camera_commanded,RAW_DYNAMIC,MAE,0.743240,1675,camera
board_y,board_y/run05,RUN05 / run05_AXIS_B,rate_leg,2,1.000000,positive,camera_commanded,RAW_DYNAMIC,RMSE,0.939368,1675,camera
board_y,board_y/run05,RUN05 / run05_AXIS_B,rate_leg,2,1.000000,positive,camera_commanded,RAW_DYNAMIC,MaxAbs,4.016314,1675,camera
board_y,board_y/run05,RUN05 / run05_AXIS_B,rate_leg,2,1.000000,positive,gyro_commanded,RAW_DYNAMIC,Bias,0.006526,3085,imu
board_y,board_y/run05,RUN05 / run05_AXIS_B,rate_leg,2,1.000000,positive,gyro_commanded,RAW_DYNAMIC,MAE,0.469313,3085,imu
board_y,board_y/run05,RUN05 / run05_AXIS_B,rate_leg,2,1.000000,positive,gyro_commanded,RAW_DYNAMIC,RMSE,0.582733,3085,imu
board_y,board_y/run05,RUN05 / run05_AXIS_B,rate_leg,2,1.000000,positive,gyro_commanded,RAW_DYNAMIC,MaxAbs,2.044382,3085,imu
board_y,board_y/run05,RUN05 / run05_AXIS_B,rate_leg,2,1.000000,positive,camera_gyro,RAW_DYNAMIC,Bias,-0.007010,3085,imu (camera rate interpolated onto gyro times)
board_y,board_y/run05,RUN05 / run05_AXIS_B,rate_leg,2,1.000000,positive,camera_gyro,RAW_DYNAMIC,MAE,0.702981,3085,imu (camera rate interpolated onto gyro times)
board_y,board_y/run05,RUN05 / run05_AXIS_B,rate_leg,2,1.000000,positive,camera_gyro,RAW_DYNAMIC,RMSE,0.882054,3085,imu (camera rate interpolated onto gyro times)
board_y,board_y/run05,RUN05 / run05_AXIS_B,rate_leg,2,1.000000,positive,camera_gyro,RAW_DYNAMIC,MaxAbs,3.311603,3085,imu (camera rate interpolated onto gyro times)
board_y,board_y/run05,RUN05 / run05_AXIS_B,rate_leg,3,-1.000000,negative,camera_commanded,RAW_DYNAMIC,Bias,0.001656,1721,camera
board_y,board_y/run05,RUN05 / run05_AXIS_B,rate_leg,3,-1.000000,negative,camera_commanded,RAW_DYNAMIC,MAE,0.779818,1721,camera
board_y,board_y/run05,RUN05 / run05_AXIS_B,rate_leg,3,-1.000000,negative,camera_commanded,RAW_DYNAMIC,RMSE,0.988660,1721,camera
board_y,board_y/run05,RUN05 / run05_AXIS_B,rate_leg,3,-1.000000,negative,camera_commanded,RAW_DYNAMIC,MaxAbs,4.121696,1721,camera
board_y,board_y/run05,RUN05 / run05_AXIS_B,rate_leg,3,-1.000000,negative,gyro_commanded,RAW_DYNAMIC,Bias,0.007870,3086,imu
board_y,board_y/run05,RUN05 / run05_AXIS_B,rate_leg,3,-1.000000,negative,gyro_commanded,RAW_DYNAMIC,MAE,0.482031,3086,imu
board_y,board_y/run05,RUN05 / run05_AXIS_B,rate_leg,3,-1.000000,negative,gyro_commanded,RAW_DYNAMIC,RMSE,0.603958,3086,imu
board_y,board_y/run05,RUN05 / run05_AXIS_B,rate_leg,3,-1.000000,negative,gyro_commanded,RAW_DYNAMIC,MaxAbs,1.866781,3086,imu
board_y,board_y/run05,RUN05 / run05_AXIS_B,rate_leg,3,-1.000000,negative,camera_gyro,RAW_DYNAMIC,Bias,-0.008235,3086,imu (camera rate interpolated onto gyro times)
board_y,board_y/run05,RUN05 / run05_AXIS_B,rate_leg,3,-1.000000,negative,camera_gyro,RAW_DYNAMIC,MAE,0.699836,3086,imu (camera rate interpolated onto gyro times)
board_y,board_y/run05,RUN05 / run05_AXIS_B,rate_leg,3,-1.000000,negative,camera_gyro,RAW_DYNAMIC,RMSE,0.892871,3086,imu (camera rate interpolated onto gyro times)
board_y,board_y/run05,RUN05 / run05_AXIS_B,rate_leg,3,-1.000000,negative,camera_gyro,RAW_DYNAMIC,MaxAbs,3.841024,3086,imu (camera rate interpolated onto gyro times)
board_y,board_y/run05,RUN05 / run05_AXIS_B,rate_leg,4,2.000000,positive,camera_commanded,RAW_DYNAMIC,Bias,-0.005735,839,camera
board_y,board_y/run05,RUN05 / run05_AXIS_B,rate_leg,4,2.000000,positive,camera_commanded,RAW_DYNAMIC,MAE,0.797745,839,camera
board_y,board_y/run05,RUN05 / run05_AXIS_B,rate_leg,4,2.000000,positive,camera_commanded,RAW_DYNAMIC,RMSE,0.996088,839,camera
board_y,board_y/run05,RUN05 / run05_AXIS_B,rate_leg,4,2.000000,positive,camera_commanded,RAW_DYNAMIC,MaxAbs,3.519076,839,camera
board_y,board_y/run05,RUN05 / run05_AXIS_B,rate_leg,4,2.000000,positive,gyro_commanded,RAW_DYNAMIC,Bias,0.003024,1543,imu
board_y,board_y/run05,RUN05 / run05_AXIS_B,rate_leg,4,2.000000,positive,gyro_commanded,RAW_DYNAMIC,MAE,0.412350,1543,imu
board_y,board_y/run05,RUN05 / run05_AXIS_B,rate_leg,4,2.000000,positive,gyro_commanded,RAW_DYNAMIC,RMSE,0.547648,1543,imu
board_y,board_y/run05,RUN05 / run05_AXIS_B,rate_leg,4,2.000000,positive,gyro_commanded,RAW_DYNAMIC,MaxAbs,2.247023,1543,imu
board_y,board_y/run05,RUN05 / run05_AXIS_B,rate_leg,4,2.000000,positive,camera_gyro,RAW_DYNAMIC,Bias,-0.010763,1543,imu (camera rate interpolated onto gyro times)
board_y,board_y/run05,RUN05 / run05_AXIS_B,rate_leg,4,2.000000,positive,camera_gyro,RAW_DYNAMIC,MAE,0.655090,1543,imu (camera rate interpolated onto gyro times)
board_y,board_y/run05,RUN05 / run05_AXIS_B,rate_leg,4,2.000000,positive,camera_gyro,RAW_DYNAMIC,RMSE,0.824672,1543,imu (camera rate interpolated onto gyro times)
board_y,board_y/run05,RUN05 / run05_AXIS_B,rate_leg,4,2.000000,positive,camera_gyro,RAW_DYNAMIC,MaxAbs,3.141501,1543,imu (camera rate interpolated onto gyro times)
board_y,board_y/run05,RUN05 / run05_AXIS_B,rate_leg,5,-2.000000,negative,camera_commanded,RAW_DYNAMIC,Bias,0.008883,841,camera
board_y,board_y/run05,RUN05 / run05_AXIS_B,rate_leg,5,-2.000000,negative,camera_commanded,RAW_DYNAMIC,MAE,0.779000,841,camera
board_y,board_y/run05,RUN05 / run05_AXIS_B,rate_leg,5,-2.000000,negative,camera_commanded,RAW_DYNAMIC,RMSE,0.969357,841,camera
board_y,board_y/run05,RUN05 / run05_AXIS_B,rate_leg,5,-2.000000,negative,camera_commanded,RAW_DYNAMIC,MaxAbs,4.787324,841,camera
board_y,board_y/run05,RUN05 / run05_AXIS_B,rate_leg,5,-2.000000,negative,gyro_commanded,RAW_DYNAMIC,Bias,0.003790,1543,imu
board_y,board_y/run05,RUN05 / run05_AXIS_B,rate_leg,5,-2.000000,negative,gyro_commanded,RAW_DYNAMIC,MAE,0.390944,1543,imu
board_y,board_y/run05,RUN05 / run05_AXIS_B,rate_leg,5,-2.000000,negative,gyro_commanded,RAW_DYNAMIC,RMSE,0.505601,1543,imu
board_y,board_y/run05,RUN05 / run05_AXIS_B,rate_leg,5,-2.000000,negative,gyro_commanded,RAW_DYNAMIC,MaxAbs,1.921341,1543,imu
board_y,board_y/run05,RUN05 / run05_AXIS_B,rate_leg,5,-2.000000,negative,camera_gyro,RAW_DYNAMIC,Bias,0.004181,1543,imu (camera rate interpolated onto gyro times)
board_y,board_y/run05,RUN05 / run05_AXIS_B,rate_leg,5,-2.000000,negative,camera_gyro,RAW_DYNAMIC,MAE,0.633927,1543,imu (camera rate interpolated onto gyro times)
board_y,board_y/run05,RUN05 / run05_AXIS_B,rate_leg,5,-2.000000,negative,camera_gyro,RAW_DYNAMIC,RMSE,0.809786,1543,imu (camera rate interpolated onto gyro times)
board_y,board_y/run05,RUN05 / run05_AXIS_B,rate_leg,5,-2.000000,negative,camera_gyro,RAW_DYNAMIC,MaxAbs,3.734147,1543,imu (camera rate interpolated onto gyro times)
board_y,board_y/run05,RUN05 / run05_AXIS_B,rate_leg,6,2.000000,positive,camera_commanded,RAW_DYNAMIC,Bias,0.001133,846,camera
board_y,board_y/run05,RUN05 / run05_AXIS_B,rate_leg,6,2.000000,positive,camera_commanded,RAW_DYNAMIC,MAE,0.811360,846,camera
board_y,board_y/run05,RUN05 / run05_AXIS_B,rate_leg,6,2.000000,positive,camera_commanded,RAW_DYNAMIC,RMSE,1.014268,846,camera
board_y,board_y/run05,RUN05 / run05_AXIS_B,rate_leg,6,2.000000,positive,camera_commanded,RAW_DYNAMIC,MaxAbs,4.451971,846,camera
board_y,board_y/run05,RUN05 / run05_AXIS_B,rate_leg,6,2.000000,positive,gyro_commanded,RAW_DYNAMIC,Bias,0.000455,1542,imu
board_y,board_y/run05,RUN05 / run05_AXIS_B,rate_leg,6,2.000000,positive,gyro_commanded,RAW_DYNAMIC,MAE,0.415042,1542,imu
board_y,board_y/run05,RUN05 / run05_AXIS_B,rate_leg,6,2.000000,positive,gyro_commanded,RAW_DYNAMIC,RMSE,0.547876,1542,imu
board_y,board_y/run05,RUN05 / run05_AXIS_B,rate_leg,6,2.000000,positive,gyro_commanded,RAW_DYNAMIC,MaxAbs,2.114902,1542,imu
board_y,board_y/run05,RUN05 / run05_AXIS_B,rate_leg,6,2.000000,positive,camera_gyro,RAW_DYNAMIC,Bias,-0.000956,1542,imu (camera rate interpolated onto gyro times)
board_y,board_y/run05,RUN05 / run05_AXIS_B,rate_leg,6,2.000000,positive,camera_gyro,RAW_DYNAMIC,MAE,0.647892,1542,imu (camera rate interpolated onto gyro times)
board_y,board_y/run05,RUN05 / run05_AXIS_B,rate_leg,6,2.000000,positive,camera_gyro,RAW_DYNAMIC,RMSE,0.820081,1542,imu (camera rate interpolated onto gyro times)
board_y,board_y/run05,RUN05 / run05_AXIS_B,rate_leg,6,2.000000,positive,camera_gyro,RAW_DYNAMIC,MaxAbs,4.340562,1542,imu (camera rate interpolated onto gyro times)
board_y,board_y/run05,RUN05 / run05_AXIS_B,rate_leg,7,-2.000000,negative,camera_commanded,RAW_DYNAMIC,Bias,0.008413,842,camera
board_y,board_y/run05,RUN05 / run05_AXIS_B,rate_leg,7,-2.000000,negative,camera_commanded,RAW_DYNAMIC,MAE,0.801792,842,camera
board_y,board_y/run05,RUN05 / run05_AXIS_B,rate_leg,7,-2.000000,negative,camera_commanded,RAW_DYNAMIC,RMSE,0.996210,842,camera
board_y,board_y/run05,RUN05 / run05_AXIS_B,rate_leg,7,-2.000000,negative,camera_commanded,RAW_DYNAMIC,MaxAbs,4.439343,842,camera
board_y,board_y/run05,RUN05 / run05_AXIS_B,rate_leg,7,-2.000000,negative,gyro_commanded,RAW_DYNAMIC,Bias,0.004167,1542,imu
board_y,board_y/run05,RUN05 / run05_AXIS_B,rate_leg,7,-2.000000,negative,gyro_commanded,RAW_DYNAMIC,MAE,0.401332,1542,imu
board_y,board_y/run05,RUN05 / run05_AXIS_B,rate_leg,7,-2.000000,negative,gyro_commanded,RAW_DYNAMIC,RMSE,0.523490,1542,imu
board_y,board_y/run05,RUN05 / run05_AXIS_B,rate_leg,7,-2.000000,negative,gyro_commanded,RAW_DYNAMIC,MaxAbs,1.987976,1542,imu
board_y,board_y/run05,RUN05 / run05_AXIS_B,rate_leg,7,-2.000000,negative,camera_gyro,RAW_DYNAMIC,Bias,0.001697,1542,imu (camera rate interpolated onto gyro times)
board_y,board_y/run05,RUN05 / run05_AXIS_B,rate_leg,7,-2.000000,negative,camera_gyro,RAW_DYNAMIC,MAE,0.646154,1542,imu (camera rate interpolated onto gyro times)
board_y,board_y/run05,RUN05 / run05_AXIS_B,rate_leg,7,-2.000000,negative,camera_gyro,RAW_DYNAMIC,RMSE,0.814807,1542,imu (camera rate interpolated onto gyro times)
board_y,board_y/run05,RUN05 / run05_AXIS_B,rate_leg,7,-2.000000,negative,camera_gyro,RAW_DYNAMIC,MaxAbs,3.660396,1542,imu (camera rate interpolated onto gyro times)
board_y,board_y/run05,RUN05 / run05_AXIS_B,rate_leg,8,5.000000,positive,camera_commanded,RAW_DYNAMIC,Bias,-0.015715,338,camera
board_y,board_y/run05,RUN05 / run05_AXIS_B,rate_leg,8,5.000000,positive,camera_commanded,RAW_DYNAMIC,MAE,1.419612,338,camera
board_y,board_y/run05,RUN05 / run05_AXIS_B,rate_leg,8,5.000000,positive,camera_commanded,RAW_DYNAMIC,RMSE,1.757135,338,camera
board_y,board_y/run05,RUN05 / run05_AXIS_B,rate_leg,8,5.000000,positive,camera_commanded,RAW_DYNAMIC,MaxAbs,6.123249,338,camera
board_y,board_y/run05,RUN05 / run05_AXIS_B,rate_leg,8,5.000000,positive,gyro_commanded,RAW_DYNAMIC,Bias,-0.002992,617,imu
board_y,board_y/run05,RUN05 / run05_AXIS_B,rate_leg,8,5.000000,positive,gyro_commanded,RAW_DYNAMIC,MAE,0.854925,617,imu
board_y,board_y/run05,RUN05 / run05_AXIS_B,rate_leg,8,5.000000,positive,gyro_commanded,RAW_DYNAMIC,RMSE,1.129702,617,imu
board_y,board_y/run05,RUN05 / run05_AXIS_B,rate_leg,8,5.000000,positive,gyro_commanded,RAW_DYNAMIC,MaxAbs,4.455470,617,imu
board_y,board_y/run05,RUN05 / run05_AXIS_B,rate_leg,8,5.000000,positive,camera_gyro,RAW_DYNAMIC,Bias,-0.011184,617,imu (camera rate interpolated onto gyro times)
board_y,board_y/run05,RUN05 / run05_AXIS_B,rate_leg,8,5.000000,positive,camera_gyro,RAW_DYNAMIC,MAE,1.356159,617,imu (camera rate interpolated onto gyro times)
board_y,board_y/run05,RUN05 / run05_AXIS_B,rate_leg,8,5.000000,positive,camera_gyro,RAW_DYNAMIC,RMSE,1.755719,617,imu (camera rate interpolated onto gyro times)
board_y,board_y/run05,RUN05 / run05_AXIS_B,rate_leg,8,5.000000,positive,camera_gyro,RAW_DYNAMIC,MaxAbs,5.496885,617,imu (camera rate interpolated onto gyro times)
board_y,board_y/run05,RUN05 / run05_AXIS_B,rate_leg,9,-5.000000,negative,camera_commanded,RAW_DYNAMIC,Bias,0.021560,345,camera
board_y,board_y/run05,RUN05 / run05_AXIS_B,rate_leg,9,-5.000000,negative,camera_commanded,RAW_DYNAMIC,MAE,1.323726,345,camera
board_y,board_y/run05,RUN05 / run05_AXIS_B,rate_leg,9,-5.000000,negative,camera_commanded,RAW_DYNAMIC,RMSE,1.645219,345,camera
board_y,board_y/run05,RUN05 / run05_AXIS_B,rate_leg,9,-5.000000,negative,camera_commanded,RAW_DYNAMIC,MaxAbs,4.675227,345,camera
board_y,board_y/run05,RUN05 / run05_AXIS_B,rate_leg,9,-5.000000,negative,gyro_commanded,RAW_DYNAMIC,Bias,0.001003,617,imu
board_y,board_y/run05,RUN05 / run05_AXIS_B,rate_leg,9,-5.000000,negative,gyro_commanded,RAW_DYNAMIC,MAE,0.836133,617,imu
board_y,board_y/run05,RUN05 / run05_AXIS_B,rate_leg,9,-5.000000,negative,gyro_commanded,RAW_DYNAMIC,RMSE,1.100878,617,imu
board_y,board_y/run05,RUN05 / run05_AXIS_B,rate_leg,9,-5.000000,negative,gyro_commanded,RAW_DYNAMIC,MaxAbs,3.288291,617,imu
board_y,board_y/run05,RUN05 / run05_AXIS_B,rate_leg,9,-5.000000,negative,camera_gyro,RAW_DYNAMIC,Bias,0.011567,617,imu (camera rate interpolated onto gyro times)
board_y,board_y/run05,RUN05 / run05_AXIS_B,rate_leg,9,-5.000000,negative,camera_gyro,RAW_DYNAMIC,MAE,1.348671,617,imu (camera rate interpolated onto gyro times)
board_y,board_y/run05,RUN05 / run05_AXIS_B,rate_leg,9,-5.000000,negative,camera_gyro,RAW_DYNAMIC,RMSE,1.742676,617,imu (camera rate interpolated onto gyro times)
board_y,board_y/run05,RUN05 / run05_AXIS_B,rate_leg,9,-5.000000,negative,camera_gyro,RAW_DYNAMIC,MaxAbs,5.839840,617,imu (camera rate interpolated onto gyro times)
board_y,board_y/run05,RUN05 / run05_AXIS_B,rate_leg,10,5.000000,positive,camera_commanded,RAW_DYNAMIC,Bias,-0.016965,334,camera
board_y,board_y/run05,RUN05 / run05_AXIS_B,rate_leg,10,5.000000,positive,camera_commanded,RAW_DYNAMIC,MAE,1.276568,334,camera
board_y,board_y/run05,RUN05 / run05_AXIS_B,rate_leg,10,5.000000,positive,camera_commanded,RAW_DYNAMIC,RMSE,1.567633,334,camera
board_y,board_y/run05,RUN05 / run05_AXIS_B,rate_leg,10,5.000000,positive,camera_commanded,RAW_DYNAMIC,MaxAbs,4.922196,334,camera
board_y,board_y/run05,RUN05 / run05_AXIS_B,rate_leg,10,5.000000,positive,gyro_commanded,RAW_DYNAMIC,Bias,-0.009242,617,imu
board_y,board_y/run05,RUN05 / run05_AXIS_B,rate_leg,10,5.000000,positive,gyro_commanded,RAW_DYNAMIC,MAE,0.853008,617,imu
board_y,board_y/run05,RUN05 / run05_AXIS_B,rate_leg,10,5.000000,positive,gyro_commanded,RAW_DYNAMIC,RMSE,1.132759,617,imu
board_y,board_y/run05,RUN05 / run05_AXIS_B,rate_leg,10,5.000000,positive,gyro_commanded,RAW_DYNAMIC,MaxAbs,4.555969,617,imu
board_y,board_y/run05,RUN05 / run05_AXIS_B,rate_leg,10,5.000000,positive,camera_gyro,RAW_DYNAMIC,Bias,-0.006558,617,imu (camera rate interpolated onto gyro times)
board_y,board_y/run05,RUN05 / run05_AXIS_B,rate_leg,10,5.000000,positive,camera_gyro,RAW_DYNAMIC,MAE,1.233808,617,imu (camera rate interpolated onto gyro times)
board_y,board_y/run05,RUN05 / run05_AXIS_B,rate_leg,10,5.000000,positive,camera_gyro,RAW_DYNAMIC,RMSE,1.615347,617,imu (camera rate interpolated onto gyro times)
board_y,board_y/run05,RUN05 / run05_AXIS_B,rate_leg,10,5.000000,positive,camera_gyro,RAW_DYNAMIC,MaxAbs,5.497873,617,imu (camera rate interpolated onto gyro times)
board_y,board_y/run05,RUN05 / run05_AXIS_B,rate_leg,11,-5.000000,negative,camera_commanded,RAW_DYNAMIC,Bias,0.014242,338,camera
board_y,board_y/run05,RUN05 / run05_AXIS_B,rate_leg,11,-5.000000,negative,camera_commanded,RAW_DYNAMIC,MAE,1.376178,338,camera
board_y,board_y/run05,RUN05 / run05_AXIS_B,rate_leg,11,-5.000000,negative,camera_commanded,RAW_DYNAMIC,RMSE,1.718290,338,camera
board_y,board_y/run05,RUN05 / run05_AXIS_B,rate_leg,11,-5.000000,negative,camera_commanded,RAW_DYNAMIC,MaxAbs,5.693379,338,camera
board_y,board_y/run05,RUN05 / run05_AXIS_B,rate_leg,11,-5.000000,negative,gyro_commanded,RAW_DYNAMIC,Bias,0.009112,617,imu
board_y,board_y/run05,RUN05 / run05_AXIS_B,rate_leg,11,-5.000000,negative,gyro_commanded,RAW_DYNAMIC,MAE,0.832117,617,imu
board_y,board_y/run05,RUN05 / run05_AXIS_B,rate_leg,11,-5.000000,negative,gyro_commanded,RAW_DYNAMIC,RMSE,1.099082,617,imu
board_y,board_y/run05,RUN05 / run05_AXIS_B,rate_leg,11,-5.000000,negative,gyro_commanded,RAW_DYNAMIC,MaxAbs,3.392134,617,imu
board_y,board_y/run05,RUN05 / run05_AXIS_B,rate_leg,11,-5.000000,negative,camera_gyro,RAW_DYNAMIC,Bias,0.004829,617,imu (camera rate interpolated onto gyro times)
board_y,board_y/run05,RUN05 / run05_AXIS_B,rate_leg,11,-5.000000,negative,camera_gyro,RAW_DYNAMIC,MAE,1.327258,617,imu (camera rate interpolated onto gyro times)
board_y,board_y/run05,RUN05 / run05_AXIS_B,rate_leg,11,-5.000000,negative,camera_gyro,RAW_DYNAMIC,RMSE,1.723410,617,imu (camera rate interpolated onto gyro times)
board_y,board_y/run05,RUN05 / run05_AXIS_B,rate_leg,11,-5.000000,negative,camera_gyro,RAW_DYNAMIC,MaxAbs,5.069292,617,imu (camera rate interpolated onto gyro times)
board_y,board_y/run05,RUN05 / run05_AXIS_B,rate_leg,12,10.000000,positive,camera_commanded,RAW_DYNAMIC,Bias,0.041570,170,camera
board_y,board_y/run05,RUN05 / run05_AXIS_B,rate_leg,12,10.000000,positive,camera_commanded,RAW_DYNAMIC,MAE,2.380989,170,camera
board_y,board_y/run05,RUN05 / run05_AXIS_B,rate_leg,12,10.000000,positive,camera_commanded,RAW_DYNAMIC,RMSE,2.989310,170,camera
board_y,board_y/run05,RUN05 / run05_AXIS_B,rate_leg,12,10.000000,positive,camera_commanded,RAW_DYNAMIC,MaxAbs,8.874923,170,camera
board_y,board_y/run05,RUN05 / run05_AXIS_B,rate_leg,12,10.000000,positive,gyro_commanded,RAW_DYNAMIC,Bias,0.066877,308,imu
board_y,board_y/run05,RUN05 / run05_AXIS_B,rate_leg,12,10.000000,positive,gyro_commanded,RAW_DYNAMIC,MAE,2.080323,308,imu
board_y,board_y/run05,RUN05 / run05_AXIS_B,rate_leg,12,10.000000,positive,gyro_commanded,RAW_DYNAMIC,RMSE,2.416220,308,imu
board_y,board_y/run05,RUN05 / run05_AXIS_B,rate_leg,12,10.000000,positive,gyro_commanded,RAW_DYNAMIC,MaxAbs,4.904073,308,imu
board_y,board_y/run05,RUN05 / run05_AXIS_B,rate_leg,12,10.000000,positive,camera_gyro,RAW_DYNAMIC,Bias,-0.040012,308,imu (camera rate interpolated onto gyro times)
board_y,board_y/run05,RUN05 / run05_AXIS_B,rate_leg,12,10.000000,positive,camera_gyro,RAW_DYNAMIC,MAE,2.500145,308,imu (camera rate interpolated onto gyro times)
board_y,board_y/run05,RUN05 / run05_AXIS_B,rate_leg,12,10.000000,positive,camera_gyro,RAW_DYNAMIC,RMSE,3.176749,308,imu (camera rate interpolated onto gyro times)
board_y,board_y/run05,RUN05 / run05_AXIS_B,rate_leg,12,10.000000,positive,camera_gyro,RAW_DYNAMIC,MaxAbs,9.810686,308,imu (camera rate interpolated onto gyro times)
board_y,board_y/run05,RUN05 / run05_AXIS_B,rate_leg,13,-10.000000,negative,camera_commanded,RAW_DYNAMIC,Bias,0.012022,172,camera
board_y,board_y/run05,RUN05 / run05_AXIS_B,rate_leg,13,-10.000000,negative,camera_commanded,RAW_DYNAMIC,MAE,2.753157,172,camera
board_y,board_y/run05,RUN05 / run05_AXIS_B,rate_leg,13,-10.000000,negative,camera_commanded,RAW_DYNAMIC,RMSE,3.420588,172,camera
board_y,board_y/run05,RUN05 / run05_AXIS_B,rate_leg,13,-10.000000,negative,camera_commanded,RAW_DYNAMIC,MaxAbs,9.419052,172,camera
board_y,board_y/run05,RUN05 / run05_AXIS_B,rate_leg,13,-10.000000,negative,gyro_commanded,RAW_DYNAMIC,Bias,-0.033009,308,imu
board_y,board_y/run05,RUN05 / run05_AXIS_B,rate_leg,13,-10.000000,negative,gyro_commanded,RAW_DYNAMIC,MAE,2.239242,308,imu
board_y,board_y/run05,RUN05 / run05_AXIS_B,rate_leg,13,-10.000000,negative,gyro_commanded,RAW_DYNAMIC,RMSE,2.662847,308,imu
board_y,board_y/run05,RUN05 / run05_AXIS_B,rate_leg,13,-10.000000,negative,gyro_commanded,RAW_DYNAMIC,MaxAbs,6.445380,308,imu
board_y,board_y/run05,RUN05 / run05_AXIS_B,rate_leg,13,-10.000000,negative,camera_gyro,RAW_DYNAMIC,Bias,0.055335,308,imu (camera rate interpolated onto gyro times)
board_y,board_y/run05,RUN05 / run05_AXIS_B,rate_leg,13,-10.000000,negative,camera_gyro,RAW_DYNAMIC,MAE,2.738297,308,imu (camera rate interpolated onto gyro times)
board_y,board_y/run05,RUN05 / run05_AXIS_B,rate_leg,13,-10.000000,negative,camera_gyro,RAW_DYNAMIC,RMSE,3.448508,308,imu (camera rate interpolated onto gyro times)
board_y,board_y/run05,RUN05 / run05_AXIS_B,rate_leg,13,-10.000000,negative,camera_gyro,RAW_DYNAMIC,MaxAbs,8.855404,308,imu (camera rate interpolated onto gyro times)
board_y,board_y/run05,RUN05 / run05_AXIS_B,rate_leg,14,10.000000,positive,camera_commanded,RAW_DYNAMIC,Bias,0.068137,173,camera
board_y,board_y/run05,RUN05 / run05_AXIS_B,rate_leg,14,10.000000,positive,camera_commanded,RAW_DYNAMIC,MAE,2.659183,173,camera
board_y,board_y/run05,RUN05 / run05_AXIS_B,rate_leg,14,10.000000,positive,camera_commanded,RAW_DYNAMIC,RMSE,3.346814,173,camera
board_y,board_y/run05,RUN05 / run05_AXIS_B,rate_leg,14,10.000000,positive,camera_commanded,RAW_DYNAMIC,MaxAbs,8.589977,173,camera
board_y,board_y/run05,RUN05 / run05_AXIS_B,rate_leg,14,10.000000,positive,gyro_commanded,RAW_DYNAMIC,Bias,0.057374,308,imu
board_y,board_y/run05,RUN05 / run05_AXIS_B,rate_leg,14,10.000000,positive,gyro_commanded,RAW_DYNAMIC,MAE,2.077668,308,imu
board_y,board_y/run05,RUN05 / run05_AXIS_B,rate_leg,14,10.000000,positive,gyro_commanded,RAW_DYNAMIC,RMSE,2.415799,308,imu
board_y,board_y/run05,RUN05 / run05_AXIS_B,rate_leg,14,10.000000,positive,gyro_commanded,RAW_DYNAMIC,MaxAbs,4.842541,308,imu
board_y,board_y/run05,RUN05 / run05_AXIS_B,rate_leg,14,10.000000,positive,camera_gyro,RAW_DYNAMIC,Bias,-0.020144,308,imu (camera rate interpolated onto gyro times)
board_y,board_y/run05,RUN05 / run05_AXIS_B,rate_leg,14,10.000000,positive,camera_gyro,RAW_DYNAMIC,MAE,2.803649,308,imu (camera rate interpolated onto gyro times)
board_y,board_y/run05,RUN05 / run05_AXIS_B,rate_leg,14,10.000000,positive,camera_gyro,RAW_DYNAMIC,RMSE,3.544570,308,imu (camera rate interpolated onto gyro times)
board_y,board_y/run05,RUN05 / run05_AXIS_B,rate_leg,14,10.000000,positive,camera_gyro,RAW_DYNAMIC,MaxAbs,9.924572,308,imu (camera rate interpolated onto gyro times)
board_y,board_y/run05,RUN05 / run05_AXIS_B,rate_leg,15,-10.000000,negative,camera_commanded,RAW_DYNAMIC,Bias,0.009613,172,camera
board_y,board_y/run05,RUN05 / run05_AXIS_B,rate_leg,15,-10.000000,negative,camera_commanded,RAW_DYNAMIC,MAE,2.778665,172,camera
board_y,board_y/run05,RUN05 / run05_AXIS_B,rate_leg,15,-10.000000,negative,camera_commanded,RAW_DYNAMIC,RMSE,3.491160,172,camera
board_y,board_y/run05,RUN05 / run05_AXIS_B,rate_leg,15,-10.000000,negative,camera_commanded,RAW_DYNAMIC,MaxAbs,11.656237,172,camera
board_y,board_y/run05,RUN05 / run05_AXIS_B,rate_leg,15,-10.000000,negative,gyro_commanded,RAW_DYNAMIC,Bias,-0.020204,308,imu
board_y,board_y/run05,RUN05 / run05_AXIS_B,rate_leg,15,-10.000000,negative,gyro_commanded,RAW_DYNAMIC,MAE,2.206624,308,imu
board_y,board_y/run05,RUN05 / run05_AXIS_B,rate_leg,15,-10.000000,negative,gyro_commanded,RAW_DYNAMIC,RMSE,2.620451,308,imu
board_y,board_y/run05,RUN05 / run05_AXIS_B,rate_leg,15,-10.000000,negative,gyro_commanded,RAW_DYNAMIC,MaxAbs,6.529458,308,imu
board_y,board_y/run05,RUN05 / run05_AXIS_B,rate_leg,15,-10.000000,negative,camera_gyro,RAW_DYNAMIC,Bias,0.026859,308,imu (camera rate interpolated onto gyro times)
board_y,board_y/run05,RUN05 / run05_AXIS_B,rate_leg,15,-10.000000,negative,camera_gyro,RAW_DYNAMIC,MAE,2.753447,308,imu (camera rate interpolated onto gyro times)
board_y,board_y/run05,RUN05 / run05_AXIS_B,rate_leg,15,-10.000000,negative,camera_gyro,RAW_DYNAMIC,RMSE,3.398492,308,imu (camera rate interpolated onto gyro times)
board_y,board_y/run05,RUN05 / run05_AXIS_B,rate_leg,15,-10.000000,negative,camera_gyro,RAW_DYNAMIC,MaxAbs,9.491224,308,imu (camera rate interpolated onto gyro times)
board_y,board_y/run05,RUN05 / run05_AXIS_B,pooled_by_rate,,1.000000,magnitude,camera_commanded,RAW_DYNAMIC,MAE,0.758573,6765,camera
board_y,board_y/run05,RUN05 / run05_AXIS_B,pooled_by_rate,,1.000000,magnitude,camera_commanded,RAW_DYNAMIC,RMSE,0.956400,6765,camera
board_y,board_y/run05,RUN05 / run05_AXIS_B,pooled_by_rate,,1.000000,magnitude,camera_commanded,RAW_DYNAMIC,MaxAbs,4.121696,6765,camera
board_y,board_y/run05,RUN05 / run05_AXIS_B,pooled_by_rate,,1.000000,positive,camera_commanded,RAW_DYNAMIC,Bias,-0.000862,3382,camera
board_y,board_y/run05,RUN05 / run05_AXIS_B,pooled_by_rate,,1.000000,negative,camera_commanded,RAW_DYNAMIC,Bias,0.001742,3383,camera
board_y,board_y/run05,RUN05 / run05_AXIS_B,pooled_by_rate,,1.000000,magnitude,gyro_commanded,RAW_DYNAMIC,MAE,0.474171,12338,imu
board_y,board_y/run05,RUN05 / run05_AXIS_B,pooled_by_rate,,1.000000,magnitude,gyro_commanded,RAW_DYNAMIC,RMSE,0.592259,12338,imu
board_y,board_y/run05,RUN05 / run05_AXIS_B,pooled_by_rate,,1.000000,magnitude,gyro_commanded,RAW_DYNAMIC,MaxAbs,2.171772,12338,imu
board_y,board_y/run05,RUN05 / run05_AXIS_B,pooled_by_rate,,1.000000,positive,gyro_commanded,RAW_DYNAMIC,Bias,0.004775,6170,imu
board_y,board_y/run05,RUN05 / run05_AXIS_B,pooled_by_rate,,1.000000,negative,gyro_commanded,RAW_DYNAMIC,Bias,0.004742,6168,imu
board_y,board_y/run05,RUN05 / run05_AXIS_B,pooled_by_rate,,1.000000,magnitude,camera_gyro,RAW_DYNAMIC,MAE,0.731913,12338,imu (camera rate interpolated onto gyro times)
board_y,board_y/run05,RUN05 / run05_AXIS_B,pooled_by_rate,,1.000000,magnitude,camera_gyro,RAW_DYNAMIC,RMSE,0.921698,12338,imu (camera rate interpolated onto gyro times)
board_y,board_y/run05,RUN05 / run05_AXIS_B,pooled_by_rate,,1.000000,magnitude,camera_gyro,RAW_DYNAMIC,MaxAbs,4.126422,12338,imu (camera rate interpolated onto gyro times)
board_y,board_y/run05,RUN05 / run05_AXIS_B,pooled_by_rate,,1.000000,positive,camera_gyro,RAW_DYNAMIC,Bias,-0.005061,6170,imu (camera rate interpolated onto gyro times)
board_y,board_y/run05,RUN05 / run05_AXIS_B,pooled_by_rate,,1.000000,negative,camera_gyro,RAW_DYNAMIC,Bias,-0.005196,6168,imu (camera rate interpolated onto gyro times)
board_y,board_y/run05,RUN05 / run05_AXIS_B,pooled_by_rate,,2.000000,magnitude,camera_commanded,RAW_DYNAMIC,MAE,0.797496,3368,camera
board_y,board_y/run05,RUN05 / run05_AXIS_B,pooled_by_rate,,2.000000,magnitude,camera_commanded,RAW_DYNAMIC,RMSE,0.994140,3368,camera
board_y,board_y/run05,RUN05 / run05_AXIS_B,pooled_by_rate,,2.000000,magnitude,camera_commanded,RAW_DYNAMIC,MaxAbs,4.787324,3368,camera
board_y,board_y/run05,RUN05 / run05_AXIS_B,pooled_by_rate,,2.000000,positive,camera_commanded,RAW_DYNAMIC,Bias,-0.002287,1685,camera
board_y,board_y/run05,RUN05 / run05_AXIS_B,pooled_by_rate,,2.000000,negative,camera_commanded,RAW_DYNAMIC,Bias,0.008648,1683,camera
board_y,board_y/run05,RUN05 / run05_AXIS_B,pooled_by_rate,,2.000000,magnitude,gyro_commanded,RAW_DYNAMIC,MAE,0.404916,6170,imu
board_y,board_y/run05,RUN05 / run05_AXIS_B,pooled_by_rate,,2.000000,magnitude,gyro_commanded,RAW_DYNAMIC,RMSE,0.531450,6170,imu
board_y,board_y/run05,RUN05 / run05_AXIS_B,pooled_by_rate,,2.000000,magnitude,gyro_commanded,RAW_DYNAMIC,MaxAbs,2.247023,6170,imu
board_y,board_y/run05,RUN05 / run05_AXIS_B,pooled_by_rate,,2.000000,positive,gyro_commanded,RAW_DYNAMIC,Bias,0.001740,3085,imu
board_y,board_y/run05,RUN05 / run05_AXIS_B,pooled_by_rate,,2.000000,negative,gyro_commanded,RAW_DYNAMIC,Bias,0.003979,3085,imu
board_y,board_y/run05,RUN05 / run05_AXIS_B,pooled_by_rate,,2.000000,magnitude,camera_gyro,RAW_DYNAMIC,MAE,0.645765,6170,imu (camera rate interpolated onto gyro times)
board_y,board_y/run05,RUN05 / run05_AXIS_B,pooled_by_rate,,2.000000,magnitude,camera_gyro,RAW_DYNAMIC,RMSE,0.817356,6170,imu (camera rate interpolated onto gyro times)
board_y,board_y/run05,RUN05 / run05_AXIS_B,pooled_by_rate,,2.000000,magnitude,camera_gyro,RAW_DYNAMIC,MaxAbs,4.340562,6170,imu (camera rate interpolated onto gyro times)
board_y,board_y/run05,RUN05 / run05_AXIS_B,pooled_by_rate,,2.000000,positive,camera_gyro,RAW_DYNAMIC,Bias,-0.005861,3085,imu (camera rate interpolated onto gyro times)
board_y,board_y/run05,RUN05 / run05_AXIS_B,pooled_by_rate,,2.000000,negative,camera_gyro,RAW_DYNAMIC,Bias,0.002939,3085,imu (camera rate interpolated onto gyro times)
board_y,board_y/run05,RUN05 / run05_AXIS_B,pooled_by_rate,,5.000000,magnitude,camera_commanded,RAW_DYNAMIC,MAE,1.349104,1355,camera
board_y,board_y/run05,RUN05 / run05_AXIS_B,pooled_by_rate,,5.000000,magnitude,camera_commanded,RAW_DYNAMIC,RMSE,1.673796,1355,camera
board_y,board_y/run05,RUN05 / run05_AXIS_B,pooled_by_rate,,5.000000,magnitude,camera_commanded,RAW_DYNAMIC,MaxAbs,6.123249,1355,camera
board_y,board_y/run05,RUN05 / run05_AXIS_B,pooled_by_rate,,5.000000,positive,camera_commanded,RAW_DYNAMIC,Bias,-0.016336,672,camera
board_y,board_y/run05,RUN05 / run05_AXIS_B,pooled_by_rate,,5.000000,negative,camera_commanded,RAW_DYNAMIC,Bias,0.017938,683,camera
board_y,board_y/run05,RUN05 / run05_AXIS_B,pooled_by_rate,,5.000000,magnitude,gyro_commanded,RAW_DYNAMIC,MAE,0.844046,2468,imu
board_y,board_y/run05,RUN05 / run05_AXIS_B,pooled_by_rate,,5.000000,magnitude,gyro_commanded,RAW_DYNAMIC,RMSE,1.115715,2468,imu
board_y,board_y/run05,RUN05 / run05_AXIS_B,pooled_by_rate,,5.000000,magnitude,gyro_commanded,RAW_DYNAMIC,MaxAbs,4.555969,2468,imu
board_y,board_y/run05,RUN05 / run05_AXIS_B,pooled_by_rate,,5.000000,positive,gyro_commanded,RAW_DYNAMIC,Bias,-0.006117,1234,imu
board_y,board_y/run05,RUN05 / run05_AXIS_B,pooled_by_rate,,5.000000,negative,gyro_commanded,RAW_DYNAMIC,Bias,0.005058,1234,imu
board_y,board_y/run05,RUN05 / run05_AXIS_B,pooled_by_rate,,5.000000,magnitude,camera_gyro,RAW_DYNAMIC,MAE,1.316474,2468,imu (camera rate interpolated onto gyro times)
board_y,board_y/run05,RUN05 / run05_AXIS_B,pooled_by_rate,,5.000000,magnitude,camera_gyro,RAW_DYNAMIC,RMSE,1.710187,2468,imu (camera rate interpolated onto gyro times)
board_y,board_y/run05,RUN05 / run05_AXIS_B,pooled_by_rate,,5.000000,magnitude,camera_gyro,RAW_DYNAMIC,MaxAbs,5.839840,2468,imu (camera rate interpolated onto gyro times)
board_y,board_y/run05,RUN05 / run05_AXIS_B,pooled_by_rate,,5.000000,positive,camera_gyro,RAW_DYNAMIC,Bias,-0.008871,1234,imu (camera rate interpolated onto gyro times)
board_y,board_y/run05,RUN05 / run05_AXIS_B,pooled_by_rate,,5.000000,negative,camera_gyro,RAW_DYNAMIC,Bias,0.008198,1234,imu (camera rate interpolated onto gyro times)
board_y,board_y/run05,RUN05 / run05_AXIS_B,pooled_by_rate,,10.000000,magnitude,camera_commanded,RAW_DYNAMIC,MAE,2.643785,687,camera
board_y,board_y/run05,RUN05 / run05_AXIS_B,pooled_by_rate,,10.000000,magnitude,camera_commanded,RAW_DYNAMIC,RMSE,3.318546,687,camera
board_y,board_y/run05,RUN05 / run05_AXIS_B,pooled_by_rate,,10.000000,magnitude,camera_commanded,RAW_DYNAMIC,MaxAbs,11.656237,687,camera
board_y,board_y/run05,RUN05 / run05_AXIS_B,pooled_by_rate,,10.000000,positive,camera_commanded,RAW_DYNAMIC,Bias,0.054970,343,camera
board_y,board_y/run05,RUN05 / run05_AXIS_B,pooled_by_rate,,10.000000,negative,camera_commanded,RAW_DYNAMIC,Bias,0.010817,344,camera
board_y,board_y/run05,RUN05 / run05_AXIS_B,pooled_by_rate,,10.000000,magnitude,gyro_commanded,RAW_DYNAMIC,MAE,2.150964,1232,imu
board_y,board_y/run05,RUN05 / run05_AXIS_B,pooled_by_rate,,10.000000,magnitude,gyro_commanded,RAW_DYNAMIC,RMSE,2.531389,1232,imu
board_y,board_y/run05,RUN05 / run05_AXIS_B,pooled_by_rate,,10.000000,magnitude,gyro_commanded,RAW_DYNAMIC,MaxAbs,6.529458,1232,imu
board_y,board_y/run05,RUN05 / run05_AXIS_B,pooled_by_rate,,10.000000,positive,gyro_commanded,RAW_DYNAMIC,Bias,0.062125,616,imu
board_y,board_y/run05,RUN05 / run05_AXIS_B,pooled_by_rate,,10.000000,negative,gyro_commanded,RAW_DYNAMIC,Bias,-0.026607,616,imu
board_y,board_y/run05,RUN05 / run05_AXIS_B,pooled_by_rate,,10.000000,magnitude,camera_gyro,RAW_DYNAMIC,MAE,2.698884,1232,imu (camera rate interpolated onto gyro times)
board_y,board_y/run05,RUN05 / run05_AXIS_B,pooled_by_rate,,10.000000,magnitude,camera_gyro,RAW_DYNAMIC,RMSE,3.394763,1232,imu (camera rate interpolated onto gyro times)
board_y,board_y/run05,RUN05 / run05_AXIS_B,pooled_by_rate,,10.000000,magnitude,camera_gyro,RAW_DYNAMIC,MaxAbs,9.924572,1232,imu (camera rate interpolated onto gyro times)
board_y,board_y/run05,RUN05 / run05_AXIS_B,pooled_by_rate,,10.000000,positive,camera_gyro,RAW_DYNAMIC,Bias,-0.030078,616,imu (camera rate interpolated onto gyro times)
board_y,board_y/run05,RUN05 / run05_AXIS_B,pooled_by_rate,,10.000000,negative,camera_gyro,RAW_DYNAMIC,Bias,0.041097,616,imu (camera rate interpolated onto gyro times)
board_y,board_y/run05,RUN05 / run05_AXIS_B,pooled_total,ALL,ALL,all_magnitudes,camera_commanded,RAW_DYNAMIC,MAE,0.941440,12175,camera
board_y,board_y/run05,RUN05 / run05_AXIS_B,pooled_total,ALL,ALL,all_magnitudes,camera_commanded,RAW_DYNAMIC,RMSE,1.309529,12175,camera
board_y,board_y/run05,RUN05 / run05_AXIS_B,pooled_total,ALL,ALL,all_magnitudes,camera_commanded,RAW_DYNAMIC,MaxAbs,11.656237,12175,camera
board_y,board_y/run05,RUN05 / run05_AXIS_B,pooled_total,ALL,ALL,all_magnitudes,gyro_commanded,RAW_DYNAMIC,MAE,0.589056,22208,imu
board_y,board_y/run05,RUN05 / run05_AXIS_B,pooled_total,ALL,ALL,all_magnitudes,gyro_commanded,RAW_DYNAMIC,RMSE,0.875881,22208,imu
board_y,board_y/run05,RUN05 / run05_AXIS_B,pooled_total,ALL,ALL,all_magnitudes,gyro_commanded,RAW_DYNAMIC,MaxAbs,6.529458,22208,imu
board_y,board_y/run05,RUN05 / run05_AXIS_B,pooled_total,ALL,ALL,all_magnitudes,camera_gyro,RAW_DYNAMIC,MAE,0.882061,22208,imu (camera rate interpolated onto gyro times)
board_y,board_y/run05,RUN05 / run05_AXIS_B,pooled_total,ALL,ALL,all_magnitudes,camera_gyro,RAW_DYNAMIC,RMSE,1.273550,22208,imu (camera rate interpolated onto gyro times)
board_y,board_y/run05,RUN05 / run05_AXIS_B,pooled_total,ALL,ALL,all_magnitudes,camera_gyro,RAW_DYNAMIC,MaxAbs,9.924572,22208,imu (camera rate interpolated onto gyro times)
board_y,board_y/run05,RUN05 / run05_AXIS_B,pooled_by_rate,,1.000000,magnitude,camera_commanded,SG_SECONDARY,MAE,0.031662,6765,camera
board_y,board_y/run05,RUN05 / run05_AXIS_B,pooled_by_rate,,1.000000,magnitude,camera_commanded,SG_SECONDARY,RMSE,0.038778,6765,camera
board_y,board_y/run05,RUN05 / run05_AXIS_B,pooled_by_rate,,1.000000,magnitude,camera_commanded,SG_SECONDARY,MaxAbs,0.118656,6765,camera
board_y,board_y/run05,RUN05 / run05_AXIS_B,pooled_by_rate,,2.000000,magnitude,camera_commanded,SG_SECONDARY,MAE,0.034345,3368,camera
board_y,board_y/run05,RUN05 / run05_AXIS_B,pooled_by_rate,,2.000000,magnitude,camera_commanded,SG_SECONDARY,RMSE,0.042589,3368,camera
board_y,board_y/run05,RUN05 / run05_AXIS_B,pooled_by_rate,,2.000000,magnitude,camera_commanded,SG_SECONDARY,MaxAbs,0.098666,3368,camera
board_y,board_y/run05,RUN05 / run05_AXIS_B,pooled_by_rate,,5.000000,magnitude,camera_commanded,SG_SECONDARY,MAE,0.033829,1355,camera
board_y,board_y/run05,RUN05 / run05_AXIS_B,pooled_by_rate,,5.000000,magnitude,camera_commanded,SG_SECONDARY,RMSE,0.039179,1355,camera
board_y,board_y/run05,RUN05 / run05_AXIS_B,pooled_by_rate,,5.000000,magnitude,camera_commanded,SG_SECONDARY,MaxAbs,0.091235,1355,camera
board_y,board_y/run05,RUN05 / run05_AXIS_B,pooled_by_rate,,10.000000,magnitude,camera_commanded,SG_SECONDARY,MAE,0.220043,687,camera
board_y,board_y/run05,RUN05 / run05_AXIS_B,pooled_by_rate,,10.000000,magnitude,camera_commanded,SG_SECONDARY,RMSE,0.496291,687,camera
board_y,board_y/run05,RUN05 / run05_AXIS_B,pooled_by_rate,,10.000000,magnitude,camera_commanded,SG_SECONDARY,MaxAbs,2.333938,687,camera
board_y,board_y/run05,RUN05 / run05_AXIS_B,pooled_total,,ALL,magnitude,camera_commanded,SG_SECONDARY,MAE,0.043275,12175,camera
board_y,board_y/run05,RUN05 / run05_AXIS_B,pooled_total,,ALL,magnitude,camera_commanded,SG_SECONDARY,RMSE,0.124123,12175,camera
board_y,board_y/run05,RUN05 / run05_AXIS_B,pooled_total,,ALL,magnitude,camera_commanded,SG_SECONDARY,MaxAbs,2.333938,12175,camera
board_y,board_y/run05,RUN05 / run05_AXIS_B,rate_leg,0,1.000000,positive,camera_commanded,DISPLACEMENT_SCALE,scale_error_percent,-0.1049,,camera
board_y,board_y/run05,RUN05 / run05_AXIS_B,rate_leg,1,-1.000000,negative,camera_commanded,DISPLACEMENT_SCALE,scale_error_percent,-0.3110,,camera
board_y,board_y/run05,RUN05 / run05_AXIS_B,rate_leg,2,1.000000,positive,camera_commanded,DISPLACEMENT_SCALE,scale_error_percent,0.0169,,camera
board_y,board_y/run05,RUN05 / run05_AXIS_B,rate_leg,3,-1.000000,negative,camera_commanded,DISPLACEMENT_SCALE,scale_error_percent,-0.2883,,camera
board_y,board_y/run05,RUN05 / run05_AXIS_B,rate_leg,4,2.000000,positive,camera_commanded,DISPLACEMENT_SCALE,scale_error_percent,-0.1602,,camera
board_y,board_y/run05,RUN05 / run05_AXIS_B,rate_leg,5,-2.000000,negative,camera_commanded,DISPLACEMENT_SCALE,scale_error_percent,-0.1540,,camera
board_y,board_y/run05,RUN05 / run05_AXIS_B,rate_leg,6,2.000000,positive,camera_commanded,DISPLACEMENT_SCALE,scale_error_percent,0.0513,,camera
board_y,board_y/run05,RUN05 / run05_AXIS_B,rate_leg,7,-2.000000,negative,camera_commanded,DISPLACEMENT_SCALE,scale_error_percent,-0.2029,,camera
board_y,board_y/run05,RUN05 / run05_AXIS_B,rate_leg,8,5.000000,positive,camera_commanded,DISPLACEMENT_SCALE,scale_error_percent,-0.2551,,camera
board_y,board_y/run05,RUN05 / run05_AXIS_B,rate_leg,9,-5.000000,negative,camera_commanded,DISPLACEMENT_SCALE,scale_error_percent,-0.7014,,camera
board_y,board_y/run05,RUN05 / run05_AXIS_B,rate_leg,10,5.000000,positive,camera_commanded,DISPLACEMENT_SCALE,scale_error_percent,-0.3140,,camera
board_y,board_y/run05,RUN05 / run05_AXIS_B,rate_leg,11,-5.000000,negative,camera_commanded,DISPLACEMENT_SCALE,scale_error_percent,-0.1537,,camera
board_y,board_y/run05,RUN05 / run05_AXIS_B,rate_leg,12,10.000000,positive,camera_commanded,DISPLACEMENT_SCALE,scale_error_percent,0.3802,,camera
board_y,board_y/run05,RUN05 / run05_AXIS_B,rate_leg,13,-10.000000,negative,camera_commanded,DISPLACEMENT_SCALE,scale_error_percent,-0.2539,,camera
board_y,board_y/run05,RUN05 / run05_AXIS_B,rate_leg,14,10.000000,positive,camera_commanded,DISPLACEMENT_SCALE,scale_error_percent,0.5155,,camera
board_y,board_y/run05,RUN05 / run05_AXIS_B,rate_leg,15,-10.000000,negative,camera_commanded,DISPLACEMENT_SCALE,scale_error_percent,0.3508,,camera
yaw,Run01,result_yaw/Run01,hold,0,0.000000,initial,camera_commanded,STATIC,Bias,-0.021285,1286,camera
yaw,Run01,result_yaw/Run01,hold,0,0.000000,initial,camera_commanded,STATIC,MAE,0.025695,1286,camera
yaw,Run01,result_yaw/Run01,hold,0,0.000000,initial,camera_commanded,STATIC,RMSE,0.032189,1286,camera
yaw,Run01,result_yaw/Run01,hold,0,0.000000,initial,camera_commanded,STATIC,MaxAbs,0.165108,1286,camera
yaw,Run01,result_yaw/Run01,hold,0,0.000000,initial,camera_commanded,STATIC,SD,0.024157,1286,camera
yaw,Run01,result_yaw/Run01,hold,1,5.006250,ascending,camera_commanded,STATIC,Bias,0.113972,1275,camera
yaw,Run01,result_yaw/Run01,hold,1,5.006250,ascending,camera_commanded,STATIC,MAE,0.113991,1275,camera
yaw,Run01,result_yaw/Run01,hold,1,5.006250,ascending,camera_commanded,STATIC,RMSE,0.116667,1275,camera
yaw,Run01,result_yaw/Run01,hold,1,5.006250,ascending,camera_commanded,STATIC,MaxAbs,0.170523,1275,camera
yaw,Run01,result_yaw/Run01,hold,1,5.006250,ascending,camera_commanded,STATIC,SD,0.024938,1275,camera
yaw,Run01,result_yaw/Run01,hold,2,9.998438,ascending,camera_commanded,STATIC,Bias,0.164667,1289,camera
yaw,Run01,result_yaw/Run01,hold,2,9.998438,ascending,camera_commanded,STATIC,MAE,0.164667,1289,camera
yaw,Run01,result_yaw/Run01,hold,2,9.998438,ascending,camera_commanded,STATIC,RMSE,0.171359,1289,camera
yaw,Run01,result_yaw/Run01,hold,2,9.998438,ascending,camera_commanded,STATIC,MaxAbs,0.336437,1289,camera
yaw,Run01,result_yaw/Run01,hold,2,9.998438,ascending,camera_commanded,STATIC,SD,0.047442,1289,camera
yaw,Run01,result_yaw/Run01,hold,3,19.996875,ascending,camera_commanded,STATIC,Bias,-0.065048,1303,camera
yaw,Run01,result_yaw/Run01,hold,3,19.996875,ascending,camera_commanded,STATIC,MAE,0.066990,1303,camera
yaw,Run01,result_yaw/Run01,hold,3,19.996875,ascending,camera_commanded,STATIC,RMSE,0.074627,1303,camera
yaw,Run01,result_yaw/Run01,hold,3,19.996875,ascending,camera_commanded,STATIC,MaxAbs,0.173584,1303,camera
yaw,Run01,result_yaw/Run01,hold,3,19.996875,ascending,camera_commanded,STATIC,SD,0.036591,1303,camera
yaw,Run01,result_yaw/Run01,hold,4,29.995312,ascending,camera_commanded,STATIC,Bias,0.112403,1318,camera
yaw,Run01,result_yaw/Run01,hold,4,29.995312,ascending,camera_commanded,STATIC,MAE,0.112403,1318,camera
yaw,Run01,result_yaw/Run01,hold,4,29.995312,ascending,camera_commanded,STATIC,RMSE,0.115870,1318,camera
yaw,Run01,result_yaw/Run01,hold,4,29.995312,ascending,camera_commanded,STATIC,MaxAbs,0.177957,1318,camera
yaw,Run01,result_yaw/Run01,hold,4,29.995312,ascending,camera_commanded,STATIC,SD,0.028142,1318,camera
yaw,Run01,result_yaw/Run01,hold,5,60.004688,ascending,camera_commanded,STATIC,Bias,0.152852,1333,camera
yaw,Run01,result_yaw/Run01,hold,5,60.004688,ascending,camera_commanded,STATIC,MAE,0.154276,1333,camera
yaw,Run01,result_yaw/Run01,hold,5,60.004688,ascending,camera_commanded,STATIC,RMSE,0.184255,1333,camera
yaw,Run01,result_yaw/Run01,hold,5,60.004688,ascending,camera_commanded,STATIC,MaxAbs,0.351599,1333,camera
yaw,Run01,result_yaw/Run01,hold,5,60.004688,ascending,camera_commanded,STATIC,SD,0.102927,1333,camera
yaw,Run01,result_yaw/Run01,hold,6,90.000000,ascending,camera_commanded,STATIC,Bias,0.037017,1349,camera
yaw,Run01,result_yaw/Run01,hold,6,90.000000,ascending,camera_commanded,STATIC,MAE,0.040770,1349,camera
yaw,Run01,result_yaw/Run01,hold,6,90.000000,ascending,camera_commanded,STATIC,RMSE,0.046043,1349,camera
yaw,Run01,result_yaw/Run01,hold,6,90.000000,ascending,camera_commanded,STATIC,MaxAbs,0.106697,1349,camera
yaw,Run01,result_yaw/Run01,hold,6,90.000000,ascending,camera_commanded,STATIC,SD,0.027392,1349,camera
yaw,Run01,result_yaw/Run01,hold,7,119.995310,ascending,camera_commanded,STATIC,Bias,0.115154,1315,camera
yaw,Run01,result_yaw/Run01,hold,7,119.995310,ascending,camera_commanded,STATIC,MAE,0.115169,1315,camera
yaw,Run01,result_yaw/Run01,hold,7,119.995310,ascending,camera_commanded,STATIC,RMSE,0.117618,1315,camera
yaw,Run01,result_yaw/Run01,hold,7,119.995310,ascending,camera_commanded,STATIC,MaxAbs,0.188932,1315,camera
yaw,Run01,result_yaw/Run01,hold,7,119.995310,ascending,camera_commanded,STATIC,SD,0.023960,1315,camera
yaw,Run01,result_yaw/Run01,hold,8,150.004690,ascending,camera_commanded,STATIC,Bias,-0.041494,1357,camera
yaw,Run01,result_yaw/Run01,hold,8,150.004690,ascending,camera_commanded,STATIC,MAE,0.048166,1357,camera
yaw,Run01,result_yaw/Run01,hold,8,150.004690,ascending,camera_commanded,STATIC,RMSE,0.057007,1357,camera
yaw,Run01,result_yaw/Run01,hold,8,150.004690,ascending,camera_commanded,STATIC,MaxAbs,0.212193,1357,camera
yaw,Run01,result_yaw/Run01,hold,8,150.004690,ascending,camera_commanded,STATIC,SD,0.039105,1357,camera
yaw,Run01,result_yaw/Run01,hold,9,180.000000,ascending,camera_commanded,STATIC,Bias,0.059221,1329,camera
yaw,Run01,result_yaw/Run01,hold,9,180.000000,ascending,camera_commanded,STATIC,MAE,0.059247,1329,camera
yaw,Run01,result_yaw/Run01,hold,9,180.000000,ascending,camera_commanded,STATIC,RMSE,0.067042,1329,camera
yaw,Run01,result_yaw/Run01,hold,9,180.000000,ascending,camera_commanded,STATIC,MaxAbs,0.286053,1329,camera
yaw,Run01,result_yaw/Run01,hold,9,180.000000,ascending,camera_commanded,STATIC,SD,0.031437,1329,camera
yaw,Run01,result_yaw/Run01,hold,10,209.995310,ascending,camera_commanded,STATIC,Bias,0.189109,1296,camera
yaw,Run01,result_yaw/Run01,hold,10,209.995310,ascending,camera_commanded,STATIC,MAE,0.189109,1296,camera
yaw,Run01,result_yaw/Run01,hold,10,209.995310,ascending,camera_commanded,STATIC,RMSE,0.191757,1296,camera
yaw,Run01,result_yaw/Run01,hold,10,209.995310,ascending,camera_commanded,STATIC,MaxAbs,0.324993,1296,camera
yaw,Run01,result_yaw/Run01,hold,10,209.995310,ascending,camera_commanded,STATIC,SD,0.031771,1296,camera
yaw,Run01,result_yaw/Run01,hold,11,240.004690,ascending,camera_commanded,STATIC,Bias,0.090622,1337,camera
yaw,Run01,result_yaw/Run01,hold,11,240.004690,ascending,camera_commanded,STATIC,MAE,0.092664,1337,camera
yaw,Run01,result_yaw/Run01,hold,11,240.004690,ascending,camera_commanded,STATIC,RMSE,0.104373,1337,camera
yaw,Run01,result_yaw/Run01,hold,11,240.004690,ascending,camera_commanded,STATIC,MaxAbs,0.200136,1337,camera
yaw,Run01,result_yaw/Run01,hold,11,240.004690,ascending,camera_commanded,STATIC,SD,0.051802,1337,camera
yaw,Run01,result_yaw/Run01,hold,12,270.000000,ascending,camera_commanded,STATIC,Bias,0.078434,1309,camera
yaw,Run01,result_yaw/Run01,hold,12,270.000000,ascending,camera_commanded,STATIC,MAE,0.078437,1309,camera
yaw,Run01,result_yaw/Run01,hold,12,270.000000,ascending,camera_commanded,STATIC,RMSE,0.091905,1309,camera
yaw,Run01,result_yaw/Run01,hold,12,270.000000,ascending,camera_commanded,STATIC,MaxAbs,0.281477,1309,camera
yaw,Run01,result_yaw/Run01,hold,12,270.000000,ascending,camera_commanded,STATIC,SD,0.047920,1309,camera
yaw,Run01,result_yaw/Run01,hold,13,299.995310,ascending,camera_commanded,STATIC,Bias,0.174454,1331,camera
yaw,Run01,result_yaw/Run01,hold,13,299.995310,ascending,camera_commanded,STATIC,MAE,0.174454,1331,camera
yaw,Run01,result_yaw/Run01,hold,13,299.995310,ascending,camera_commanded,STATIC,RMSE,0.175833,1331,camera
yaw,Run01,result_yaw/Run01,hold,13,299.995310,ascending,camera_commanded,STATIC,MaxAbs,0.250998,1331,camera
yaw,Run01,result_yaw/Run01,hold,13,299.995310,ascending,camera_commanded,STATIC,SD,0.021988,1331,camera
yaw,Run01,result_yaw/Run01,hold,14,330.004690,ascending,camera_commanded,STATIC,Bias,-0.013169,1323,camera
yaw,Run01,result_yaw/Run01,hold,14,330.004690,ascending,camera_commanded,STATIC,MAE,0.038677,1323,camera
yaw,Run01,result_yaw/Run01,hold,14,330.004690,ascending,camera_commanded,STATIC,RMSE,0.050625,1323,camera
yaw,Run01,result_yaw/Run01,hold,14,330.004690,ascending,camera_commanded,STATIC,MaxAbs,0.133119,1323,camera
yaw,Run01,result_yaw/Run01,hold,14,330.004690,ascending,camera_commanded,STATIC,SD,0.048900,1323,camera
yaw,Run01,result_yaw/Run01,hold,15,360.000000,ascending,camera_commanded,STATIC,Bias,0.040234,1357,camera
yaw,Run01,result_yaw/Run01,hold,15,360.000000,ascending,camera_commanded,STATIC,MAE,0.042191,1357,camera
yaw,Run01,result_yaw/Run01,hold,15,360.000000,ascending,camera_commanded,STATIC,RMSE,0.047425,1357,camera
yaw,Run01,result_yaw/Run01,hold,15,360.000000,ascending,camera_commanded,STATIC,MaxAbs,0.118958,1357,camera
yaw,Run01,result_yaw/Run01,hold,15,360.000000,ascending,camera_commanded,STATIC,SD,0.025116,1357,camera
yaw,Run01,result_yaw/Run01,hold,16,720.000000,ascending,camera_commanded,STATIC,Bias,0.036506,1284,camera
yaw,Run01,result_yaw/Run01,hold,16,720.000000,ascending,camera_commanded,STATIC,MAE,0.038118,1284,camera
yaw,Run01,result_yaw/Run01,hold,16,720.000000,ascending,camera_commanded,STATIC,RMSE,0.043784,1284,camera
yaw,Run01,result_yaw/Run01,hold,16,720.000000,ascending,camera_commanded,STATIC,MaxAbs,0.135594,1284,camera
yaw,Run01,result_yaw/Run01,hold,16,720.000000,ascending,camera_commanded,STATIC,SD,0.024184,1284,camera
yaw,Run02,result_yaw/Run02,hold,17,0.000000,initial,camera_commanded,STATIC,Bias,0.021114,1565,camera
yaw,Run02,result_yaw/Run02,hold,17,0.000000,initial,camera_commanded,STATIC,MAE,0.026075,1565,camera
yaw,Run02,result_yaw/Run02,hold,17,0.000000,initial,camera_commanded,STATIC,RMSE,0.032099,1565,camera
yaw,Run02,result_yaw/Run02,hold,17,0.000000,initial,camera_commanded,STATIC,MaxAbs,0.145371,1565,camera
yaw,Run02,result_yaw/Run02,hold,17,0.000000,initial,camera_commanded,STATIC,SD,0.024186,1565,camera
yaw,Run02,result_yaw/Run02,hold,18,5.006250,ascending,camera_commanded,STATIC,Bias,0.246882,1575,camera
yaw,Run02,result_yaw/Run02,hold,18,5.006250,ascending,camera_commanded,STATIC,MAE,0.246901,1575,camera
yaw,Run02,result_yaw/Run02,hold,18,5.006250,ascending,camera_commanded,STATIC,RMSE,0.256041,1575,camera
yaw,Run02,result_yaw/Run02,hold,18,5.006250,ascending,camera_commanded,STATIC,MaxAbs,0.383814,1575,camera
yaw,Run02,result_yaw/Run02,hold,18,5.006250,ascending,camera_commanded,STATIC,SD,0.067894,1575,camera
yaw,Run02,result_yaw/Run02,hold,19,9.998438,ascending,camera_commanded,STATIC,Bias,0.285110,1557,camera
yaw,Run02,result_yaw/Run02,hold,19,9.998438,ascending,camera_commanded,STATIC,MAE,0.285126,1557,camera
yaw,Run02,result_yaw/Run02,hold,19,9.998438,ascending,camera_commanded,STATIC,RMSE,0.292448,1557,camera
yaw,Run02,result_yaw/Run02,hold,19,9.998438,ascending,camera_commanded,STATIC,MaxAbs,0.462248,1557,camera
yaw,Run02,result_yaw/Run02,hold,19,9.998438,ascending,camera_commanded,STATIC,SD,0.065122,1557,camera
yaw,Run02,result_yaw/Run02,hold,20,19.996875,ascending,camera_commanded,STATIC,Bias,0.123426,1528,camera
yaw,Run02,result_yaw/Run02,hold,20,19.996875,ascending,camera_commanded,STATIC,MAE,0.123723,1528,camera
yaw,Run02,result_yaw/Run02,hold,20,19.996875,ascending,camera_commanded,STATIC,RMSE,0.128942,1528,camera
yaw,Run02,result_yaw/Run02,hold,20,19.996875,ascending,camera_commanded,STATIC,MaxAbs,0.327826,1528,camera
yaw,Run02,result_yaw/Run02,hold,20,19.996875,ascending,camera_commanded,STATIC,SD,0.037322,1528,camera
yaw,Run02,result_yaw/Run02,hold,21,29.995312,ascending,camera_commanded,STATIC,Bias,0.289553,1478,camera
yaw,Run02,result_yaw/Run02,hold,21,29.995312,ascending,camera_commanded,STATIC,MAE,0.289792,1478,camera
yaw,Run02,result_yaw/Run02,hold,21,29.995312,ascending,camera_commanded,STATIC,RMSE,0.294151,1478,camera
yaw,Run02,result_yaw/Run02,hold,21,29.995312,ascending,camera_commanded,STATIC,MaxAbs,0.422593,1478,camera
yaw,Run02,result_yaw/Run02,hold,21,29.995312,ascending,camera_commanded,STATIC,SD,0.051824,1478,camera
yaw,Run02,result_yaw/Run02,hold,22,60.004688,ascending,camera_commanded,STATIC,Bias,0.229655,1508,camera
yaw,Run02,result_yaw/Run02,hold,22,60.004688,ascending,camera_commanded,STATIC,MAE,0.236118,1508,camera
yaw,Run02,result_yaw/Run02,hold,22,60.004688,ascending,camera_commanded,STATIC,RMSE,0.254703,1508,camera
yaw,Run02,result_yaw/Run02,hold,22,60.004688,ascending,camera_commanded,STATIC,MaxAbs,0.466709,1508,camera
yaw,Run02,result_yaw/Run02,hold,22,60.004688,ascending,camera_commanded,STATIC,SD,0.110182,1508,camera
yaw,Run02,result_yaw/Run02,hold,23,90.000000,ascending,camera_commanded,STATIC,Bias,0.168112,1517,camera
yaw,Run02,result_yaw/Run02,hold,23,90.000000,ascending,camera_commanded,STATIC,MAE,0.168162,1517,camera
yaw,Run02,result_yaw/Run02,hold,23,90.000000,ascending,camera_commanded,STATIC,RMSE,0.169692,1517,camera
yaw,Run02,result_yaw/Run02,hold,23,90.000000,ascending,camera_commanded,STATIC,MaxAbs,0.271232,1517,camera
yaw,Run02,result_yaw/Run02,hold,23,90.000000,ascending,camera_commanded,STATIC,SD,0.023109,1517,camera
yaw,Run02,result_yaw/Run02,hold,24,119.995310,ascending,camera_commanded,STATIC,Bias,0.244918,1471,camera
yaw,Run02,result_yaw/Run02,hold,24,119.995310,ascending,camera_commanded,STATIC,MAE,0.244918,1471,camera
yaw,Run02,result_yaw/Run02,hold,24,119.995310,ascending,camera_commanded,STATIC,RMSE,0.246177,1471,camera
yaw,Run02,result_yaw/Run02,hold,24,119.995310,ascending,camera_commanded,STATIC,MaxAbs,0.314117,1471,camera
yaw,Run02,result_yaw/Run02,hold,24,119.995310,ascending,camera_commanded,STATIC,SD,0.024867,1471,camera
yaw,Run02,result_yaw/Run02,hold,25,150.004690,ascending,camera_commanded,STATIC,Bias,0.184220,1569,camera
yaw,Run02,result_yaw/Run02,hold,25,150.004690,ascending,camera_commanded,STATIC,MAE,0.184220,1569,camera
yaw,Run02,result_yaw/Run02,hold,25,150.004690,ascending,camera_commanded,STATIC,RMSE,0.186399,1569,camera
yaw,Run02,result_yaw/Run02,hold,25,150.004690,ascending,camera_commanded,STATIC,MaxAbs,0.278943,1569,camera
yaw,Run02,result_yaw/Run02,hold,25,150.004690,ascending,camera_commanded,STATIC,SD,0.028426,1569,camera
yaw,Run02,result_yaw/Run02,hold,26,180.000000,ascending,camera_commanded,STATIC,Bias,0.191645,1467,camera
yaw,Run02,result_yaw/Run02,hold,26,180.000000,ascending,camera_commanded,STATIC,MAE,0.191645,1467,camera
yaw,Run02,result_yaw/Run02,hold,26,180.000000,ascending,camera_commanded,STATIC,RMSE,0.193223,1467,camera
yaw,Run02,result_yaw/Run02,hold,26,180.000000,ascending,camera_commanded,STATIC,MaxAbs,0.299608,1467,camera
yaw,Run02,result_yaw/Run02,hold,26,180.000000,ascending,camera_commanded,STATIC,SD,0.024648,1467,camera
yaw,Run02,result_yaw/Run02,hold,27,209.995310,ascending,camera_commanded,STATIC,Bias,0.299859,1515,camera
yaw,Run02,result_yaw/Run02,hold,27,209.995310,ascending,camera_commanded,STATIC,MAE,0.299859,1515,camera
yaw,Run02,result_yaw/Run02,hold,27,209.995310,ascending,camera_commanded,STATIC,RMSE,0.303187,1515,camera
yaw,Run02,result_yaw/Run02,hold,27,209.995310,ascending,camera_commanded,STATIC,MaxAbs,0.377008,1515,camera
yaw,Run02,result_yaw/Run02,hold,27,209.995310,ascending,camera_commanded,STATIC,SD,0.044814,1515,camera
yaw,Run02,result_yaw/Run02,hold,28,240.004690,ascending,camera_commanded,STATIC,Bias,0.158388,1488,camera
yaw,Run02,result_yaw/Run02,hold,28,240.004690,ascending,camera_commanded,STATIC,MAE,0.159772,1488,camera
yaw,Run02,result_yaw/Run02,hold,28,240.004690,ascending,camera_commanded,STATIC,RMSE,0.177183,1488,camera
yaw,Run02,result_yaw/Run02,hold,28,240.004690,ascending,camera_commanded,STATIC,MaxAbs,0.328791,1488,camera
yaw,Run02,result_yaw/Run02,hold,28,240.004690,ascending,camera_commanded,STATIC,SD,0.079443,1488,camera
yaw,Run02,result_yaw/Run02,hold,29,270.000000,ascending,camera_commanded,STATIC,Bias,0.305913,1512,camera
yaw,Run02,result_yaw/Run02,hold,29,270.000000,ascending,camera_commanded,STATIC,MAE,0.305913,1512,camera
yaw,Run02,result_yaw/Run02,hold,29,270.000000,ascending,camera_commanded,STATIC,RMSE,0.307849,1512,camera
yaw,Run02,result_yaw/Run02,hold,29,270.000000,ascending,camera_commanded,STATIC,MaxAbs,0.448167,1512,camera
yaw,Run02,result_yaw/Run02,hold,29,270.000000,ascending,camera_commanded,STATIC,SD,0.034482,1512,camera
yaw,Run02,result_yaw/Run02,hold,30,299.995310,ascending,camera_commanded,STATIC,Bias,0.424114,1576,camera
yaw,Run02,result_yaw/Run02,hold,30,299.995310,ascending,camera_commanded,STATIC,MAE,0.424114,1576,camera
yaw,Run02,result_yaw/Run02,hold,30,299.995310,ascending,camera_commanded,STATIC,RMSE,0.425066,1576,camera
yaw,Run02,result_yaw/Run02,hold,30,299.995310,ascending,camera_commanded,STATIC,MaxAbs,0.502888,1576,camera
yaw,Run02,result_yaw/Run02,hold,30,299.995310,ascending,camera_commanded,STATIC,SD,0.028438,1576,camera
yaw,Run02,result_yaw/Run02,hold,31,330.004690,ascending,camera_commanded,STATIC,Bias,0.453065,1510,camera
yaw,Run02,result_yaw/Run02,hold,31,330.004690,ascending,camera_commanded,STATIC,MAE,0.453065,1510,camera
yaw,Run02,result_yaw/Run02,hold,31,330.004690,ascending,camera_commanded,STATIC,RMSE,0.460099,1510,camera
yaw,Run02,result_yaw/Run02,hold,31,330.004690,ascending,camera_commanded,STATIC,MaxAbs,0.677032,1510,camera
yaw,Run02,result_yaw/Run02,hold,31,330.004690,ascending,camera_commanded,STATIC,SD,0.080172,1510,camera
yaw,Run02,result_yaw/Run02,hold,32,360.000000,ascending,camera_commanded,STATIC,Bias,0.363287,1564,camera
yaw,Run02,result_yaw/Run02,hold,32,360.000000,ascending,camera_commanded,STATIC,MAE,0.363287,1564,camera
yaw,Run02,result_yaw/Run02,hold,32,360.000000,ascending,camera_commanded,STATIC,RMSE,0.364099,1564,camera
yaw,Run02,result_yaw/Run02,hold,32,360.000000,ascending,camera_commanded,STATIC,MaxAbs,0.443008,1564,camera
yaw,Run02,result_yaw/Run02,hold,32,360.000000,ascending,camera_commanded,STATIC,SD,0.024316,1564,camera
yaw,Run02,result_yaw/Run02,hold,33,720.000000,ascending,camera_commanded,STATIC,Bias,0.354951,1578,camera
yaw,Run02,result_yaw/Run02,hold,33,720.000000,ascending,camera_commanded,STATIC,MAE,0.354951,1578,camera
yaw,Run02,result_yaw/Run02,hold,33,720.000000,ascending,camera_commanded,STATIC,RMSE,0.355748,1578,camera
yaw,Run02,result_yaw/Run02,hold,33,720.000000,ascending,camera_commanded,STATIC,MaxAbs,0.489062,1578,camera
yaw,Run02,result_yaw/Run02,hold,33,720.000000,ascending,camera_commanded,STATIC,SD,0.023811,1578,camera
yaw,run01+run02,result_yaw/test1+test2,pooled_by_command,0.000000,0.000000,all_visits,camera_commanded,STATIC,Bias,0.001989,2851,camera
yaw,run01+run02,result_yaw/test1+test2,pooled_by_command,0.000000,0.000000,all_visits,camera_commanded,STATIC,MAE,0.025903,2851,camera
yaw,run01+run02,result_yaw/test1+test2,pooled_by_command,0.000000,0.000000,all_visits,camera_commanded,STATIC,RMSE,0.032140,2851,camera
yaw,run01+run02,result_yaw/test1+test2,pooled_by_command,0.000000,0.000000,all_visits,camera_commanded,STATIC,MaxAbs,0.165108,2851,camera
yaw,run01+run02,result_yaw/test1+test2,pooled_by_command,0.000000,0.000000,all_visits,camera_commanded,STATIC,SD,0.032084,2851,camera
yaw,run01+run02,result_yaw/test1+test2,pooled_by_command,5.006250,5.006250,all_visits,camera_commanded,STATIC,Bias,0.187422,2850,camera
yaw,run01+run02,result_yaw/test1+test2,pooled_by_command,5.006250,5.006250,all_visits,camera_commanded,STATIC,MAE,0.187441,2850,camera
yaw,run01+run02,result_yaw/test1+test2,pooled_by_command,5.006250,5.006250,all_visits,camera_commanded,STATIC,RMSE,0.205714,2850,camera
yaw,run01+run02,result_yaw/test1+test2,pooled_by_command,5.006250,5.006250,all_visits,camera_commanded,STATIC,MaxAbs,0.383814,2850,camera
yaw,run01+run02,result_yaw/test1+test2,pooled_by_command,5.006250,5.006250,all_visits,camera_commanded,STATIC,SD,0.084815,2850,camera
yaw,run01+run02,result_yaw/test1+test2,pooled_by_command,9.998438,9.998438,all_visits,camera_commanded,STATIC,Bias,0.230559,2846,camera
yaw,run01+run02,result_yaw/test1+test2,pooled_by_command,9.998438,9.998438,all_visits,camera_commanded,STATIC,MAE,0.230568,2846,camera
yaw,run01+run02,result_yaw/test1+test2,pooled_by_command,9.998438,9.998438,all_visits,camera_commanded,STATIC,RMSE,0.245131,2846,camera
yaw,run01+run02,result_yaw/test1+test2,pooled_by_command,9.998438,9.998438,all_visits,camera_commanded,STATIC,MaxAbs,0.462248,2846,camera
yaw,run01+run02,result_yaw/test1+test2,pooled_by_command,9.998438,9.998438,all_visits,camera_commanded,STATIC,SD,0.083272,2846,camera
yaw,run01+run02,result_yaw/test1+test2,pooled_by_command,19.996875,19.996875,all_visits,camera_commanded,STATIC,Bias,0.036679,2831,camera
yaw,run01+run02,result_yaw/test1+test2,pooled_by_command,19.996875,19.996875,all_visits,camera_commanded,STATIC,MAE,0.097611,2831,camera
yaw,run01+run02,result_yaw/test1+test2,pooled_by_command,19.996875,19.996875,all_visits,camera_commanded,STATIC,RMSE,0.107410,2831,camera
yaw,run01+run02,result_yaw/test1+test2,pooled_by_command,19.996875,19.996875,all_visits,camera_commanded,STATIC,MaxAbs,0.327826,2831,camera
yaw,run01+run02,result_yaw/test1+test2,pooled_by_command,19.996875,19.996875,all_visits,camera_commanded,STATIC,SD,0.100972,2831,camera
yaw,run01+run02,result_yaw/test1+test2,pooled_by_command,29.995312,29.995312,all_visits,camera_commanded,STATIC,Bias,0.206047,2796,camera
yaw,run01+run02,result_yaw/test1+test2,pooled_by_command,29.995312,29.995312,all_visits,camera_commanded,STATIC,MAE,0.206173,2796,camera
yaw,run01+run02,result_yaw/test1+test2,pooled_by_command,29.995312,29.995312,all_visits,camera_commanded,STATIC,RMSE,0.228181,2796,camera
yaw,run01+run02,result_yaw/test1+test2,pooled_by_command,29.995312,29.995312,all_visits,camera_commanded,STATIC,MaxAbs,0.422593,2796,camera
yaw,run01+run02,result_yaw/test1+test2,pooled_by_command,29.995312,29.995312,all_visits,camera_commanded,STATIC,SD,0.098056,2796,camera
yaw,run01+run02,result_yaw/test1+test2,pooled_by_command,60.004688,60.004688,all_visits,camera_commanded,STATIC,Bias,0.193619,2841,camera
yaw,run01+run02,result_yaw/test1+test2,pooled_by_command,60.004688,60.004688,all_visits,camera_commanded,STATIC,MAE,0.197718,2841,camera
yaw,run01+run02,result_yaw/test1+test2,pooled_by_command,60.004688,60.004688,all_visits,camera_commanded,STATIC,RMSE,0.224420,2841,camera
yaw,run01+run02,result_yaw/test1+test2,pooled_by_command,60.004688,60.004688,all_visits,camera_commanded,STATIC,MaxAbs,0.466709,2841,camera
yaw,run01+run02,result_yaw/test1+test2,pooled_by_command,60.004688,60.004688,all_visits,camera_commanded,STATIC,SD,0.113491,2841,camera
yaw,run01+run02,result_yaw/test1+test2,pooled_by_command,90.000000,90.000000,all_visits,camera_commanded,STATIC,Bias,0.106407,2866,camera
yaw,run01+run02,result_yaw/test1+test2,pooled_by_command,90.000000,90.000000,all_visits,camera_commanded,STATIC,MAE,0.108200,2866,camera
yaw,run01+run02,result_yaw/test1+test2,pooled_by_command,90.000000,90.000000,all_visits,camera_commanded,STATIC,RMSE,0.127434,2866,camera
yaw,run01+run02,result_yaw/test1+test2,pooled_by_command,90.000000,90.000000,all_visits,camera_commanded,STATIC,MaxAbs,0.271232,2866,camera
yaw,run01+run02,result_yaw/test1+test2,pooled_by_command,90.000000,90.000000,all_visits,camera_commanded,STATIC,SD,0.070135,2866,camera
yaw,run01+run02,result_yaw/test1+test2,pooled_by_command,119.995310,119.995310,all_visits,camera_commanded,STATIC,Bias,0.183669,2786,camera
yaw,run01+run02,result_yaw/test1+test2,pooled_by_command,119.995310,119.995310,all_visits,camera_commanded,STATIC,MAE,0.183676,2786,camera
yaw,run01+run02,result_yaw/test1+test2,pooled_by_command,119.995310,119.995310,all_visits,camera_commanded,STATIC,RMSE,0.196285,2786,camera
yaw,run01+run02,result_yaw/test1+test2,pooled_by_command,119.995310,119.995310,all_visits,camera_commanded,STATIC,MaxAbs,0.314117,2786,camera
yaw,run01+run02,result_yaw/test1+test2,pooled_by_command,119.995310,119.995310,all_visits,camera_commanded,STATIC,SD,0.069248,2786,camera
yaw,run01+run02,result_yaw/test1+test2,pooled_by_command,150.004690,150.004690,all_visits,camera_commanded,STATIC,Bias,0.079540,2926,camera
yaw,run01+run02,result_yaw/test1+test2,pooled_by_command,150.004690,150.004690,all_visits,camera_commanded,STATIC,MAE,0.121122,2926,camera
yaw,run01+run02,result_yaw/test1+test2,pooled_by_command,150.004690,150.004690,all_visits,camera_commanded,STATIC,RMSE,0.141909,2926,camera
yaw,run01+run02,result_yaw/test1+test2,pooled_by_command,150.004690,150.004690,all_visits,camera_commanded,STATIC,MaxAbs,0.278943,2926,camera
yaw,run01+run02,result_yaw/test1+test2,pooled_by_command,150.004690,150.004690,all_visits,camera_commanded,STATIC,SD,0.117543,2926,camera
yaw,run01+run02,result_yaw/test1+test2,pooled_by_command,180.000000,180.000000,all_visits,camera_commanded,STATIC,Bias,0.128701,2796,camera
yaw,run01+run02,result_yaw/test1+test2,pooled_by_command,180.000000,180.000000,all_visits,camera_commanded,STATIC,MAE,0.128714,2796,camera
yaw,run01+run02,result_yaw/test1+test2,pooled_by_command,180.000000,180.000000,all_visits,camera_commanded,STATIC,RMSE,0.147395,2796,camera
yaw,run01+run02,result_yaw/test1+test2,pooled_by_command,180.000000,180.000000,all_visits,camera_commanded,STATIC,MaxAbs,0.299608,2796,camera
yaw,run01+run02,result_yaw/test1+test2,pooled_by_command,180.000000,180.000000,all_visits,camera_commanded,STATIC,SD,0.071855,2796,camera
yaw,run01+run02,result_yaw/test1+test2,pooled_by_command,209.995310,209.995310,all_visits,camera_commanded,STATIC,Bias,0.248798,2811,camera
yaw,run01+run02,result_yaw/test1+test2,pooled_by_command,209.995310,209.995310,all_visits,camera_commanded,STATIC,MAE,0.248798,2811,camera
yaw,run01+run02,result_yaw/test1+test2,pooled_by_command,209.995310,209.995310,all_visits,camera_commanded,STATIC,RMSE,0.257866,2811,camera
yaw,run01+run02,result_yaw/test1+test2,pooled_by_command,209.995310,209.995310,all_visits,camera_commanded,STATIC,MaxAbs,0.377008,2811,camera
yaw,run01+run02,result_yaw/test1+test2,pooled_by_command,209.995310,209.995310,all_visits,camera_commanded,STATIC,SD,0.067795,2811,camera
yaw,run01+run02,result_yaw/test1+test2,pooled_by_command,240.004690,240.004690,all_visits,camera_commanded,STATIC,Bias,0.126316,2825,camera
yaw,run01+run02,result_yaw/test1+test2,pooled_by_command,240.004690,240.004690,all_visits,camera_commanded,STATIC,MAE,0.128011,2825,camera
yaw,run01+run02,result_yaw/test1+test2,pooled_by_command,240.004690,240.004690,all_visits,camera_commanded,STATIC,RMSE,0.147281,2825,camera
yaw,run01+run02,result_yaw/test1+test2,pooled_by_command,240.004690,240.004690,all_visits,camera_commanded,STATIC,MaxAbs,0.328791,2825,camera
yaw,run01+run02,result_yaw/test1+test2,pooled_by_command,240.004690,240.004690,all_visits,camera_commanded,STATIC,SD,0.075749,2825,camera
yaw,run01+run02,result_yaw/test1+test2,pooled_by_command,270.000000,270.000000,all_visits,camera_commanded,STATIC,Bias,0.200358,2821,camera
yaw,run01+run02,result_yaw/test1+test2,pooled_by_command,270.000000,270.000000,all_visits,camera_commanded,STATIC,MAE,0.200359,2821,camera
yaw,run01+run02,result_yaw/test1+test2,pooled_by_command,270.000000,270.000000,all_visits,camera_commanded,STATIC,RMSE,0.233912,2821,camera
yaw,run01+run02,result_yaw/test1+test2,pooled_by_command,270.000000,270.000000,all_visits,camera_commanded,STATIC,MaxAbs,0.448167,2821,camera
yaw,run01+run02,result_yaw/test1+test2,pooled_by_command,270.000000,270.000000,all_visits,camera_commanded,STATIC,SD,0.120733,2821,camera
yaw,run01+run02,result_yaw/test1+test2,pooled_by_command,299.995310,299.995310,all_visits,camera_commanded,STATIC,Bias,0.309805,2907,camera
yaw,run01+run02,result_yaw/test1+test2,pooled_by_command,299.995310,299.995310,all_visits,camera_commanded,STATIC,MAE,0.309805,2907,camera
yaw,run01+run02,result_yaw/test1+test2,pooled_by_command,299.995310,299.995310,all_visits,camera_commanded,STATIC,RMSE,0.334829,2907,camera
yaw,run01+run02,result_yaw/test1+test2,pooled_by_command,299.995310,299.995310,all_visits,camera_commanded,STATIC,MaxAbs,0.502888,2907,camera
yaw,run01+run02,result_yaw/test1+test2,pooled_by_command,299.995310,299.995310,all_visits,camera_commanded,STATIC,SD,0.127031,2907,camera
yaw,run01+run02,result_yaw/test1+test2,pooled_by_command,330.004690,330.004690,all_visits,camera_commanded,STATIC,Bias,0.235336,2833,camera
yaw,run01+run02,result_yaw/test1+test2,pooled_by_command,330.004690,330.004690,all_visits,camera_commanded,STATIC,MAE,0.259547,2833,camera
yaw,run01+run02,result_yaw/test1+test2,pooled_by_command,330.004690,330.004690,all_visits,camera_commanded,STATIC,RMSE,0.337682,2833,camera
yaw,run01+run02,result_yaw/test1+test2,pooled_by_command,330.004690,330.004690,all_visits,camera_commanded,STATIC,MaxAbs,0.677032,2833,camera
yaw,run01+run02,result_yaw/test1+test2,pooled_by_command,330.004690,330.004690,all_visits,camera_commanded,STATIC,SD,0.242213,2833,camera
yaw,run01+run02,result_yaw/test1+test2,pooled_by_command,360.000000,360.000000,all_visits,camera_commanded,STATIC,Bias,0.213207,2921,camera
yaw,run01+run02,result_yaw/test1+test2,pooled_by_command,360.000000,360.000000,all_visits,camera_commanded,STATIC,MAE,0.214116,2921,camera
yaw,run01+run02,result_yaw/test1+test2,pooled_by_command,360.000000,360.000000,all_visits,camera_commanded,STATIC,RMSE,0.268377,2921,camera
yaw,run01+run02,result_yaw/test1+test2,pooled_by_command,360.000000,360.000000,all_visits,camera_commanded,STATIC,MaxAbs,0.443008,2921,camera
yaw,run01+run02,result_yaw/test1+test2,pooled_by_command,360.000000,360.000000,all_visits,camera_commanded,STATIC,SD,0.163028,2921,camera
yaw,run01+run02,result_yaw/test1+test2,pooled_by_command,720.000000,720.000000,all_visits,camera_commanded,STATIC,Bias,0.212084,2862,camera
yaw,run01+run02,result_yaw/test1+test2,pooled_by_command,720.000000,720.000000,all_visits,camera_commanded,STATIC,MAE,0.212808,2862,camera
yaw,run01+run02,result_yaw/test1+test2,pooled_by_command,720.000000,720.000000,all_visits,camera_commanded,STATIC,RMSE,0.265779,2862,camera
yaw,run01+run02,result_yaw/test1+test2,pooled_by_command,720.000000,720.000000,all_visits,camera_commanded,STATIC,MaxAbs,0.489062,2862,camera
yaw,run01+run02,result_yaw/test1+test2,pooled_by_command,720.000000,720.000000,all_visits,camera_commanded,STATIC,SD,0.160212,2862,camera
yaw,run01+run02,result_yaw/test1+test2,pooled_total,ALL,,all,camera_commanded,STATIC,Bias,0.170641,48369,camera
yaw,run01+run02,result_yaw/test1+test2,pooled_total,ALL,,all,camera_commanded,STATIC,MAE,0.180105,48369,camera
yaw,run01+run02,result_yaw/test1+test2,pooled_total,ALL,,all,camera_commanded,STATIC,RMSE,0.220583,48369,camera
yaw,run01+run02,result_yaw/test1+test2,pooled_total,ALL,,all,camera_commanded,STATIC,MaxAbs,0.677032,48369,camera
yaw,run01+run02,result_yaw/test1+test2,pooled_total,ALL,,all,camera_commanded,STATIC,SD,0.139782,48369,camera
yaw,Run01,result_yaw/Run01,rate_leg,0,1.000000,CW,camera_commanded,RAW_DYNAMIC,Bias,-0.000692,1308,camera
yaw,Run01,result_yaw/Run01,rate_leg,0,1.000000,CW,camera_commanded,RAW_DYNAMIC,MAE,1.265858,1308,camera
yaw,Run01,result_yaw/Run01,rate_leg,0,1.000000,CW,camera_commanded,RAW_DYNAMIC,RMSE,1.653328,1308,camera
yaw,Run01,result_yaw/Run01,rate_leg,0,1.000000,CW,camera_commanded,RAW_DYNAMIC,MaxAbs,9.967792,1308,camera
yaw,Run01,result_yaw/Run01,rate_leg,0,1.000000,CW,camera_commanded,RAW_DYNAMIC,SD,1.653961,1308,camera
yaw,Run01,result_yaw/Run01,rate_leg,0,1.000000,CW,gyro_commanded,RAW_DYNAMIC,Bias,0.002740,3526,imu
yaw,Run01,result_yaw/Run01,rate_leg,0,1.000000,CW,gyro_commanded,RAW_DYNAMIC,MAE,0.234996,3526,imu
yaw,Run01,result_yaw/Run01,rate_leg,0,1.000000,CW,gyro_commanded,RAW_DYNAMIC,RMSE,0.305150,3526,imu
yaw,Run01,result_yaw/Run01,rate_leg,0,1.000000,CW,gyro_commanded,RAW_DYNAMIC,MaxAbs,1.060899,3526,imu
yaw,Run01,result_yaw/Run01,rate_leg,0,1.000000,CW,gyro_commanded,RAW_DYNAMIC,SD,0.305181,3526,imu
yaw,Run01,result_yaw/Run01,rate_leg,0,1.000000,CW,camera_gyro,RAW_DYNAMIC,Bias,-0.003331,3526,imu (camera rate interpolated onto gyro times)
yaw,Run01,result_yaw/Run01,rate_leg,0,1.000000,CW,camera_gyro,RAW_DYNAMIC,MAE,1.029096,3526,imu (camera rate interpolated onto gyro times)
yaw,Run01,result_yaw/Run01,rate_leg,0,1.000000,CW,camera_gyro,RAW_DYNAMIC,RMSE,1.349756,3526,imu (camera rate interpolated onto gyro times)
yaw,Run01,result_yaw/Run01,rate_leg,0,1.000000,CW,camera_gyro,RAW_DYNAMIC,MaxAbs,8.064001,3526,imu (camera rate interpolated onto gyro times)
yaw,Run01,result_yaw/Run01,rate_leg,0,1.000000,CW,camera_gyro,RAW_DYNAMIC,SD,1.349943,3526,imu (camera rate interpolated onto gyro times)
yaw,Run01,result_yaw/Run01,rate_leg,1,5.000000,CW,camera_commanded,RAW_DYNAMIC,Bias,-0.000148,1296,camera
yaw,Run01,result_yaw/Run01,rate_leg,1,5.000000,CW,camera_commanded,RAW_DYNAMIC,MAE,2.605738,1296,camera
yaw,Run01,result_yaw/Run01,rate_leg,1,5.000000,CW,camera_commanded,RAW_DYNAMIC,RMSE,3.524404,1296,camera
yaw,Run01,result_yaw/Run01,rate_leg,1,5.000000,CW,camera_commanded,RAW_DYNAMIC,MaxAbs,17.009943,1296,camera
yaw,Run01,result_yaw/Run01,rate_leg,1,5.000000,CW,camera_commanded,RAW_DYNAMIC,SD,3.525764,1296,camera
yaw,Run01,result_yaw/Run01,rate_leg,1,5.000000,CW,gyro_commanded,RAW_DYNAMIC,Bias,0.004350,3526,imu
yaw,Run01,result_yaw/Run01,rate_leg,1,5.000000,CW,gyro_commanded,RAW_DYNAMIC,MAE,1.634856,3526,imu
yaw,Run01,result_yaw/Run01,rate_leg,1,5.000000,CW,gyro_commanded,RAW_DYNAMIC,RMSE,1.949885,3526,imu
yaw,Run01,result_yaw/Run01,rate_leg,1,5.000000,CW,gyro_commanded,RAW_DYNAMIC,MaxAbs,4.354101,3526,imu
yaw,Run01,result_yaw/Run01,rate_leg,1,5.000000,CW,gyro_commanded,RAW_DYNAMIC,SD,1.950156,3526,imu
yaw,Run01,result_yaw/Run01,rate_leg,1,5.000000,CW,camera_gyro,RAW_DYNAMIC,Bias,-0.004290,3526,imu (camera rate interpolated onto gyro times)
yaw,Run01,result_yaw/Run01,rate_leg,1,5.000000,CW,camera_gyro,RAW_DYNAMIC,MAE,2.035189,3526,imu (camera rate interpolated onto gyro times)
yaw,Run01,result_yaw/Run01,rate_leg,1,5.000000,CW,camera_gyro,RAW_DYNAMIC,RMSE,2.829615,3526,imu (camera rate interpolated onto gyro times)
yaw,Run01,result_yaw/Run01,rate_leg,1,5.000000,CW,camera_gyro,RAW_DYNAMIC,MaxAbs,16.093847,3526,imu (camera rate interpolated onto gyro times)
yaw,Run01,result_yaw/Run01,rate_leg,1,5.000000,CW,camera_gyro,RAW_DYNAMIC,SD,2.830013,3526,imu (camera rate interpolated onto gyro times)
yaw,Run01,result_yaw/Run01,rate_leg,2,10.000000,CW,camera_commanded,RAW_DYNAMIC,Bias,0.007808,1338,camera
yaw,Run01,result_yaw/Run01,rate_leg,2,10.000000,CW,camera_commanded,RAW_DYNAMIC,MAE,6.014238,1338,camera
yaw,Run01,result_yaw/Run01,rate_leg,2,10.000000,CW,camera_commanded,RAW_DYNAMIC,RMSE,7.084127,1338,camera
yaw,Run01,result_yaw/Run01,rate_leg,2,10.000000,CW,camera_commanded,RAW_DYNAMIC,MaxAbs,25.631255,1338,camera
yaw,Run01,result_yaw/Run01,rate_leg,2,10.000000,CW,camera_commanded,RAW_DYNAMIC,SD,7.086771,1338,camera
yaw,Run01,result_yaw/Run01,rate_leg,2,10.000000,CW,gyro_commanded,RAW_DYNAMIC,Bias,0.045445,3366,imu
yaw,Run01,result_yaw/Run01,rate_leg,2,10.000000,CW,gyro_commanded,RAW_DYNAMIC,MAE,6.184582,3366,imu
yaw,Run01,result_yaw/Run01,rate_leg,2,10.000000,CW,gyro_commanded,RAW_DYNAMIC,RMSE,6.877693,3366,imu
yaw,Run01,result_yaw/Run01,rate_leg,2,10.000000,CW,gyro_commanded,RAW_DYNAMIC,MaxAbs,10.848399,3366,imu
yaw,Run01,result_yaw/Run01,rate_leg,2,10.000000,CW,gyro_commanded,RAW_DYNAMIC,SD,6.878565,3366,imu
yaw,Run01,result_yaw/Run01,rate_leg,2,10.000000,CW,camera_gyro,RAW_DYNAMIC,Bias,-0.001013,3366,imu (camera rate interpolated onto gyro times)
yaw,Run01,result_yaw/Run01,rate_leg,2,10.000000,CW,camera_gyro,RAW_DYNAMIC,MAE,4.166176,3366,imu (camera rate interpolated onto gyro times)
yaw,Run01,result_yaw/Run01,rate_leg,2,10.000000,CW,camera_gyro,RAW_DYNAMIC,RMSE,5.064916,3366,imu (camera rate interpolated onto gyro times)
yaw,Run01,result_yaw/Run01,rate_leg,2,10.000000,CW,camera_gyro,RAW_DYNAMIC,MaxAbs,18.178565,3366,imu (camera rate interpolated onto gyro times)
yaw,Run01,result_yaw/Run01,rate_leg,2,10.000000,CW,camera_gyro,RAW_DYNAMIC,SD,5.065668,3366,imu (camera rate interpolated onto gyro times)
yaw,Run01,result_yaw/Run01,rate_leg,3,15.000000,CW,camera_commanded,RAW_DYNAMIC,Bias,0.014878,1359,camera
yaw,Run01,result_yaw/Run01,rate_leg,3,15.000000,CW,camera_commanded,RAW_DYNAMIC,MAE,3.058053,1359,camera
yaw,Run01,result_yaw/Run01,rate_leg,3,15.000000,CW,camera_commanded,RAW_DYNAMIC,RMSE,4.090923,1359,camera
yaw,Run01,result_yaw/Run01,rate_leg,3,15.000000,CW,camera_commanded,RAW_DYNAMIC,MaxAbs,19.143894,1359,camera
yaw,Run01,result_yaw/Run01,rate_leg,3,15.000000,CW,camera_commanded,RAW_DYNAMIC,SD,4.092402,1359,camera
yaw,Run01,result_yaw/Run01,rate_leg,3,15.000000,CW,gyro_commanded,RAW_DYNAMIC,Bias,0.015359,3525,imu
yaw,Run01,result_yaw/Run01,rate_leg,3,15.000000,CW,gyro_commanded,RAW_DYNAMIC,MAE,1.581317,3525,imu
yaw,Run01,result_yaw/Run01,rate_leg,3,15.000000,CW,gyro_commanded,RAW_DYNAMIC,RMSE,1.863262,3525,imu
yaw,Run01,result_yaw/Run01,rate_leg,3,15.000000,CW,gyro_commanded,RAW_DYNAMIC,MaxAbs,3.974721,3525,imu
yaw,Run01,result_yaw/Run01,rate_leg,3,15.000000,CW,gyro_commanded,RAW_DYNAMIC,SD,1.863463,3525,imu
yaw,Run01,result_yaw/Run01,rate_leg,3,15.000000,CW,camera_gyro,RAW_DYNAMIC,Bias,-0.004241,3525,imu (camera rate interpolated onto gyro times)
yaw,Run01,result_yaw/Run01,rate_leg,3,15.000000,CW,camera_gyro,RAW_DYNAMIC,MAE,2.442448,3525,imu (camera rate interpolated onto gyro times)
yaw,Run01,result_yaw/Run01,rate_leg,3,15.000000,CW,camera_gyro,RAW_DYNAMIC,RMSE,3.280892,3525,imu (camera rate interpolated onto gyro times)
yaw,Run01,result_yaw/Run01,rate_leg,3,15.000000,CW,camera_gyro,RAW_DYNAMIC,MaxAbs,19.219185,3525,imu (camera rate interpolated onto gyro times)
yaw,Run01,result_yaw/Run01,rate_leg,3,15.000000,CW,camera_gyro,RAW_DYNAMIC,SD,3.281354,3525,imu (camera rate interpolated onto gyro times)
yaw,Run01,result_yaw/Run01,rate_leg,4,20.000000,CW,camera_commanded,RAW_DYNAMIC,Bias,0.008772,1350,camera
yaw,Run01,result_yaw/Run01,rate_leg,4,20.000000,CW,camera_commanded,RAW_DYNAMIC,MAE,6.320921,1350,camera
yaw,Run01,result_yaw/Run01,rate_leg,4,20.000000,CW,camera_commanded,RAW_DYNAMIC,RMSE,7.479747,1350,camera
yaw,Run01,result_yaw/Run01,rate_leg,4,20.000000,CW,camera_commanded,RAW_DYNAMIC,MaxAbs,21.772741,1350,camera
yaw,Run01,result_yaw/Run01,rate_leg,4,20.000000,CW,camera_commanded,RAW_DYNAMIC,SD,7.482513,1350,camera
yaw,Run01,result_yaw/Run01,rate_leg,4,20.000000,CW,gyro_commanded,RAW_DYNAMIC,Bias,0.015095,3526,imu
yaw,Run01,result_yaw/Run01,rate_leg,4,20.000000,CW,gyro_commanded,RAW_DYNAMIC,MAE,6.453302,3526,imu
yaw,Run01,result_yaw/Run01,rate_leg,4,20.000000,CW,gyro_commanded,RAW_DYNAMIC,RMSE,7.181612,3526,imu
yaw,Run01,result_yaw/Run01,rate_leg,4,20.000000,CW,gyro_commanded,RAW_DYNAMIC,MaxAbs,11.520899,3526,imu
yaw,Run01,result_yaw/Run01,rate_leg,4,20.000000,CW,gyro_commanded,RAW_DYNAMIC,SD,7.182614,3526,imu
yaw,Run01,result_yaw/Run01,rate_leg,4,20.000000,CW,camera_gyro,RAW_DYNAMIC,Bias,-0.005723,3526,imu (camera rate interpolated onto gyro times)
yaw,Run01,result_yaw/Run01,rate_leg,4,20.000000,CW,camera_gyro,RAW_DYNAMIC,MAE,4.548225,3526,imu (camera rate interpolated onto gyro times)
yaw,Run01,result_yaw/Run01,rate_leg,4,20.000000,CW,camera_gyro,RAW_DYNAMIC,RMSE,5.440721,3526,imu (camera rate interpolated onto gyro times)
yaw,Run01,result_yaw/Run01,rate_leg,4,20.000000,CW,camera_gyro,RAW_DYNAMIC,MaxAbs,19.735352,3526,imu (camera rate interpolated onto gyro times)
yaw,Run01,result_yaw/Run01,rate_leg,4,20.000000,CW,camera_gyro,RAW_DYNAMIC,SD,5.441489,3526,imu (camera rate interpolated onto gyro times)
yaw,Run01,result_yaw/Run01,rate_leg,5,25.000000,CW,camera_commanded,RAW_DYNAMIC,Bias,0.001176,1315,camera
yaw,Run01,result_yaw/Run01,rate_leg,5,25.000000,CW,camera_commanded,RAW_DYNAMIC,MAE,3.381041,1315,camera
yaw,Run01,result_yaw/Run01,rate_leg,5,25.000000,CW,camera_commanded,RAW_DYNAMIC,RMSE,4.366394,1315,camera
yaw,Run01,result_yaw/Run01,rate_leg,5,25.000000,CW,camera_commanded,RAW_DYNAMIC,MaxAbs,17.961582,1315,camera
yaw,Run01,result_yaw/Run01,rate_leg,5,25.000000,CW,camera_commanded,RAW_DYNAMIC,SD,4.368055,1315,camera
yaw,Run01,result_yaw/Run01,rate_leg,5,25.000000,CW,gyro_commanded,RAW_DYNAMIC,Bias,0.013126,3527,imu
yaw,Run01,result_yaw/Run01,rate_leg,5,25.000000,CW,gyro_commanded,RAW_DYNAMIC,MAE,1.724798,3527,imu
yaw,Run01,result_yaw/Run01,rate_leg,5,25.000000,CW,gyro_commanded,RAW_DYNAMIC,RMSE,2.065720,3527,imu
yaw,Run01,result_yaw/Run01,rate_leg,5,25.000000,CW,gyro_commanded,RAW_DYNAMIC,MaxAbs,5.253471,3527,imu
yaw,Run01,result_yaw/Run01,rate_leg,5,25.000000,CW,gyro_commanded,RAW_DYNAMIC,SD,2.065971,3527,imu
yaw,Run01,result_yaw/Run01,rate_leg,5,25.000000,CW,camera_gyro,RAW_DYNAMIC,Bias,-0.016344,3527,imu (camera rate interpolated onto gyro times)
yaw,Run01,result_yaw/Run01,rate_leg,5,25.000000,CW,camera_gyro,RAW_DYNAMIC,MAE,2.768220,3527,imu (camera rate interpolated onto gyro times)
yaw,Run01,result_yaw/Run01,rate_leg,5,25.000000,CW,camera_gyro,RAW_DYNAMIC,RMSE,3.632187,3527,imu (camera rate interpolated onto gyro times)
yaw,Run01,result_yaw/Run01,rate_leg,5,25.000000,CW,camera_gyro,RAW_DYNAMIC,MaxAbs,16.188593,3527,imu (camera rate interpolated onto gyro times)
yaw,Run01,result_yaw/Run01,rate_leg,5,25.000000,CW,camera_gyro,RAW_DYNAMIC,SD,3.632666,3527,imu (camera rate interpolated onto gyro times)
yaw,Run01,result_yaw/Run01,rate_leg,6,30.000000,CW,camera_commanded,RAW_DYNAMIC,Bias,-0.002654,1355,camera
yaw,Run01,result_yaw/Run01,rate_leg,6,30.000000,CW,camera_commanded,RAW_DYNAMIC,MAE,4.526167,1355,camera
yaw,Run01,result_yaw/Run01,rate_leg,6,30.000000,CW,camera_commanded,RAW_DYNAMIC,RMSE,5.554014,1355,camera
yaw,Run01,result_yaw/Run01,rate_leg,6,30.000000,CW,camera_commanded,RAW_DYNAMIC,MaxAbs,23.854623,1355,camera
yaw,Run01,result_yaw/Run01,rate_leg,6,30.000000,CW,camera_commanded,RAW_DYNAMIC,SD,5.556064,1355,camera
yaw,Run01,result_yaw/Run01,rate_leg,6,30.000000,CW,gyro_commanded,RAW_DYNAMIC,Bias,0.021563,3527,imu
yaw,Run01,result_yaw/Run01,rate_leg,6,30.000000,CW,gyro_commanded,RAW_DYNAMIC,MAE,2.377386,3527,imu
yaw,Run01,result_yaw/Run01,rate_leg,6,30.000000,CW,gyro_commanded,RAW_DYNAMIC,RMSE,2.739589,3527,imu
yaw,Run01,result_yaw/Run01,rate_leg,6,30.000000,CW,gyro_commanded,RAW_DYNAMIC,MaxAbs,8.238399,3527,imu
yaw,Run01,result_yaw/Run01,rate_leg,6,30.000000,CW,gyro_commanded,RAW_DYNAMIC,SD,2.739892,3527,imu
yaw,Run01,result_yaw/Run01,rate_leg,6,30.000000,CW,camera_gyro,RAW_DYNAMIC,Bias,-0.037698,3527,imu (camera rate interpolated onto gyro times)
yaw,Run01,result_yaw/Run01,rate_leg,6,30.000000,CW,camera_gyro,RAW_DYNAMIC,MAE,3.578912,3527,imu (camera rate interpolated onto gyro times)
yaw,Run01,result_yaw/Run01,rate_leg,6,30.000000,CW,camera_gyro,RAW_DYNAMIC,RMSE,4.422009,3527,imu (camera rate interpolated onto gyro times)
yaw,Run01,result_yaw/Run01,rate_leg,6,30.000000,CW,camera_gyro,RAW_DYNAMIC,MaxAbs,19.603367,3527,imu (camera rate interpolated onto gyro times)
yaw,Run01,result_yaw/Run01,rate_leg,6,30.000000,CW,camera_gyro,RAW_DYNAMIC,SD,4.422475,3527,imu (camera rate interpolated onto gyro times)
yaw,Run02,result_yaw/Run02,rate_leg,7,1.000000,CCW,camera_commanded,RAW_DYNAMIC,Bias,0.002345,1532,camera
yaw,Run02,result_yaw/Run02,rate_leg,7,1.000000,CCW,camera_commanded,RAW_DYNAMIC,MAE,1.733790,1532,camera
yaw,Run02,result_yaw/Run02,rate_leg,7,1.000000,CCW,camera_commanded,RAW_DYNAMIC,RMSE,2.493679,1532,camera
yaw,Run02,result_yaw/Run02,rate_leg,7,1.000000,CCW,camera_commanded,RAW_DYNAMIC,MaxAbs,13.284358,1532,camera
yaw,Run02,result_yaw/Run02,rate_leg,7,1.000000,CCW,camera_commanded,RAW_DYNAMIC,SD,2.494492,1532,camera
yaw,Run02,result_yaw/Run02,rate_leg,7,1.000000,CCW,gyro_commanded,RAW_DYNAMIC,Bias,0.000934,3526,imu
yaw,Run02,result_yaw/Run02,rate_leg,7,1.000000,CCW,gyro_commanded,RAW_DYNAMIC,MAE,0.265168,3526,imu
yaw,Run02,result_yaw/Run02,rate_leg,7,1.000000,CCW,gyro_commanded,RAW_DYNAMIC,RMSE,0.330751,3526,imu
yaw,Run02,result_yaw/Run02,rate_leg,7,1.000000,CCW,gyro_commanded,RAW_DYNAMIC,MaxAbs,0.997820,3526,imu
yaw,Run02,result_yaw/Run02,rate_leg,7,1.000000,CCW,gyro_commanded,RAW_DYNAMIC,SD,0.330796,3526,imu
yaw,Run02,result_yaw/Run02,rate_leg,7,1.000000,CCW,camera_gyro,RAW_DYNAMIC,Bias,-0.001691,3526,imu (camera rate interpolated onto gyro times)
yaw,Run02,result_yaw/Run02,rate_leg,7,1.000000,CCW,camera_gyro,RAW_DYNAMIC,MAE,1.451774,3526,imu (camera rate interpolated onto gyro times)
yaw,Run02,result_yaw/Run02,rate_leg,7,1.000000,CCW,camera_gyro,RAW_DYNAMIC,RMSE,2.075266,3526,imu (camera rate interpolated onto gyro times)
yaw,Run02,result_yaw/Run02,rate_leg,7,1.000000,CCW,camera_gyro,RAW_DYNAMIC,MaxAbs,12.356534,3526,imu (camera rate interpolated onto gyro times)
yaw,Run02,result_yaw/Run02,rate_leg,7,1.000000,CCW,camera_gyro,RAW_DYNAMIC,SD,2.075559,3526,imu (camera rate interpolated onto gyro times)
yaw,Run02,result_yaw/Run02,rate_leg,8,5.000000,CCW,camera_commanded,RAW_DYNAMIC,Bias,0.002444,1457,camera
yaw,Run02,result_yaw/Run02,rate_leg,8,5.000000,CCW,camera_commanded,RAW_DYNAMIC,MAE,2.800200,1457,camera
yaw,Run02,result_yaw/Run02,rate_leg,8,5.000000,CCW,camera_commanded,RAW_DYNAMIC,RMSE,3.722108,1457,camera
yaw,Run02,result_yaw/Run02,rate_leg,8,5.000000,CCW,camera_commanded,RAW_DYNAMIC,MaxAbs,18.787158,1457,camera
yaw,Run02,result_yaw/Run02,rate_leg,8,5.000000,CCW,camera_commanded,RAW_DYNAMIC,SD,3.723385,1457,camera
yaw,Run02,result_yaw/Run02,rate_leg,8,5.000000,CCW,gyro_commanded,RAW_DYNAMIC,Bias,0.002414,3528,imu
yaw,Run02,result_yaw/Run02,rate_leg,8,5.000000,CCW,gyro_commanded,RAW_DYNAMIC,MAE,1.685936,3528,imu
yaw,Run02,result_yaw/Run02,rate_leg,8,5.000000,CCW,gyro_commanded,RAW_DYNAMIC,RMSE,1.996539,3528,imu
yaw,Run02,result_yaw/Run02,rate_leg,8,5.000000,CCW,gyro_commanded,RAW_DYNAMIC,MaxAbs,4.457200,3528,imu
yaw,Run02,result_yaw/Run02,rate_leg,8,5.000000,CCW,gyro_commanded,RAW_DYNAMIC,SD,1.996820,3528,imu
yaw,Run02,result_yaw/Run02,rate_leg,8,5.000000,CCW,camera_gyro,RAW_DYNAMIC,Bias,-0.000140,3528,imu (camera rate interpolated onto gyro times)
yaw,Run02,result_yaw/Run02,rate_leg,8,5.000000,CCW,camera_gyro,RAW_DYNAMIC,MAE,1.944915,3528,imu (camera rate interpolated onto gyro times)
yaw,Run02,result_yaw/Run02,rate_leg,8,5.000000,CCW,camera_gyro,RAW_DYNAMIC,RMSE,2.763190,3528,imu (camera rate interpolated onto gyro times)
yaw,Run02,result_yaw/Run02,rate_leg,8,5.000000,CCW,camera_gyro,RAW_DYNAMIC,MaxAbs,19.007987,3528,imu (camera rate interpolated onto gyro times)
yaw,Run02,result_yaw/Run02,rate_leg,8,5.000000,CCW,camera_gyro,RAW_DYNAMIC,SD,2.763582,3528,imu (camera rate interpolated onto gyro times)
yaw,Run02,result_yaw/Run02,rate_leg,9,10.000000,CCW,camera_commanded,RAW_DYNAMIC,Bias,-0.003643,1564,camera
yaw,Run02,result_yaw/Run02,rate_leg,9,10.000000,CCW,camera_commanded,RAW_DYNAMIC,MAE,5.978130,1564,camera
yaw,Run02,result_yaw/Run02,rate_leg,9,10.000000,CCW,camera_commanded,RAW_DYNAMIC,RMSE,7.025365,1564,camera
yaw,Run02,result_yaw/Run02,rate_leg,9,10.000000,CCW,camera_commanded,RAW_DYNAMIC,MaxAbs,27.040658,1564,camera
yaw,Run02,result_yaw/Run02,rate_leg,9,10.000000,CCW,camera_commanded,RAW_DYNAMIC,SD,7.027611,1564,camera
yaw,Run02,result_yaw/Run02,rate_leg,9,10.000000,CCW,gyro_commanded,RAW_DYNAMIC,Bias,0.007776,3526,imu
yaw,Run02,result_yaw/Run02,rate_leg,9,10.000000,CCW,gyro_commanded,RAW_DYNAMIC,MAE,5.966552,3526,imu
yaw,Run02,result_yaw/Run02,rate_leg,9,10.000000,CCW,gyro_commanded,RAW_DYNAMIC,RMSE,6.634511,3526,imu
yaw,Run02,result_yaw/Run02,rate_leg,9,10.000000,CCW,gyro_commanded,RAW_DYNAMIC,MaxAbs,10.902800,3526,imu
yaw,Run02,result_yaw/Run02,rate_leg,9,10.000000,CCW,gyro_commanded,RAW_DYNAMIC,SD,6.635448,3526,imu
yaw,Run02,result_yaw/Run02,rate_leg,9,10.000000,CCW,camera_gyro,RAW_DYNAMIC,Bias,-0.009296,3526,imu (camera rate interpolated onto gyro times)
yaw,Run02,result_yaw/Run02,rate_leg,9,10.000000,CCW,camera_gyro,RAW_DYNAMIC,MAE,2.359240,3526,imu (camera rate interpolated onto gyro times)
yaw,Run02,result_yaw/Run02,rate_leg,9,10.000000,CCW,camera_gyro,RAW_DYNAMIC,RMSE,3.226050,3526,imu (camera rate interpolated onto gyro times)
yaw,Run02,result_yaw/Run02,rate_leg,9,10.000000,CCW,camera_gyro,RAW_DYNAMIC,MaxAbs,19.243185,3526,imu (camera rate interpolated onto gyro times)
yaw,Run02,result_yaw/Run02,rate_leg,9,10.000000,CCW,camera_gyro,RAW_DYNAMIC,SD,3.226494,3526,imu (camera rate interpolated onto gyro times)
yaw,Run02,result_yaw/Run02,rate_leg,10,15.000000,CCW,camera_commanded,RAW_DYNAMIC,Bias,0.030474,1576,camera
yaw,Run02,result_yaw/Run02,rate_leg,10,15.000000,CCW,camera_commanded,RAW_DYNAMIC,MAE,3.173517,1576,camera
yaw,Run02,result_yaw/Run02,rate_leg,10,15.000000,CCW,camera_commanded,RAW_DYNAMIC,RMSE,4.278833,1576,camera
yaw,Run02,result_yaw/Run02,rate_leg,10,15.000000,CCW,camera_commanded,RAW_DYNAMIC,MaxAbs,21.297653,1576,camera
yaw,Run02,result_yaw/Run02,rate_leg,10,15.000000,CCW,camera_commanded,RAW_DYNAMIC,SD,4.280083,1576,camera
yaw,Run02,result_yaw/Run02,rate_leg,10,15.000000,CCW,gyro_commanded,RAW_DYNAMIC,Bias,0.014299,3525,imu
yaw,Run02,result_yaw/Run02,rate_leg,10,15.000000,CCW,gyro_commanded,RAW_DYNAMIC,MAE,1.246544,3525,imu
yaw,Run02,result_yaw/Run02,rate_leg,10,15.000000,CCW,gyro_commanded,RAW_DYNAMIC,RMSE,1.500647,3525,imu
yaw,Run02,result_yaw/Run02,rate_leg,10,15.000000,CCW,gyro_commanded,RAW_DYNAMIC,MaxAbs,3.600950,3525,imu
yaw,Run02,result_yaw/Run02,rate_leg,10,15.000000,CCW,gyro_commanded,RAW_DYNAMIC,SD,1.500792,3525,imu
yaw,Run02,result_yaw/Run02,rate_leg,10,15.000000,CCW,camera_gyro,RAW_DYNAMIC,Bias,0.013442,3525,imu (camera rate interpolated onto gyro times)
yaw,Run02,result_yaw/Run02,rate_leg,10,15.000000,CCW,camera_gyro,RAW_DYNAMIC,MAE,2.447406,3525,imu (camera rate interpolated onto gyro times)
yaw,Run02,result_yaw/Run02,rate_leg,10,15.000000,CCW,camera_gyro,RAW_DYNAMIC,RMSE,3.300910,3525,imu (camera rate interpolated onto gyro times)
yaw,Run02,result_yaw/Run02,rate_leg,10,15.000000,CCW,camera_gyro,RAW_DYNAMIC,MaxAbs,17.858487,3525,imu (camera rate interpolated onto gyro times)
yaw,Run02,result_yaw/Run02,rate_leg,10,15.000000,CCW,camera_gyro,RAW_DYNAMIC,SD,3.301350,3525,imu (camera rate interpolated onto gyro times)
yaw,Run02,result_yaw/Run02,rate_leg,11,20.000000,CCW,camera_commanded,RAW_DYNAMIC,Bias,0.016407,1487,camera
yaw,Run02,result_yaw/Run02,rate_leg,11,20.000000,CCW,camera_commanded,RAW_DYNAMIC,MAE,5.471571,1487,camera
yaw,Run02,result_yaw/Run02,rate_leg,11,20.000000,CCW,camera_commanded,RAW_DYNAMIC,RMSE,6.712142,1487,camera
yaw,Run02,result_yaw/Run02,rate_leg,11,20.000000,CCW,camera_commanded,RAW_DYNAMIC,MaxAbs,22.894149,1487,camera
yaw,Run02,result_yaw/Run02,rate_leg,11,20.000000,CCW,camera_commanded,RAW_DYNAMIC,SD,6.714380,1487,camera
yaw,Run02,result_yaw/Run02,rate_leg,11,20.000000,CCW,gyro_commanded,RAW_DYNAMIC,Bias,0.013781,3526,imu
yaw,Run02,result_yaw/Run02,rate_leg,11,20.000000,CCW,gyro_commanded,RAW_DYNAMIC,MAE,4.847572,3526,imu
yaw,Run02,result_yaw/Run02,rate_leg,11,20.000000,CCW,gyro_commanded,RAW_DYNAMIC,RMSE,5.393157,3526,imu
yaw,Run02,result_yaw/Run02,rate_leg,11,20.000000,CCW,gyro_commanded,RAW_DYNAMIC,MaxAbs,8.801550,3526,imu
yaw,Run02,result_yaw/Run02,rate_leg,11,20.000000,CCW,gyro_commanded,RAW_DYNAMIC,SD,5.393904,3526,imu
yaw,Run02,result_yaw/Run02,rate_leg,11,20.000000,CCW,camera_gyro,RAW_DYNAMIC,Bias,0.004492,3526,imu (camera rate interpolated onto gyro times)
yaw,Run02,result_yaw/Run02,rate_leg,11,20.000000,CCW,camera_gyro,RAW_DYNAMIC,MAE,2.900060,3526,imu (camera rate interpolated onto gyro times)
yaw,Run02,result_yaw/Run02,rate_leg,11,20.000000,CCW,camera_gyro,RAW_DYNAMIC,RMSE,3.773257,3526,imu (camera rate interpolated onto gyro times)
yaw,Run02,result_yaw/Run02,rate_leg,11,20.000000,CCW,camera_gyro,RAW_DYNAMIC,MaxAbs,18.062237,3526,imu (camera rate interpolated onto gyro times)
yaw,Run02,result_yaw/Run02,rate_leg,11,20.000000,CCW,camera_gyro,RAW_DYNAMIC,SD,3.773789,3526,imu (camera rate interpolated onto gyro times)
yaw,Run02,result_yaw/Run02,rate_leg,12,25.000000,CCW,camera_commanded,RAW_DYNAMIC,Bias,0.003492,1490,camera
yaw,Run02,result_yaw/Run02,rate_leg,12,25.000000,CCW,camera_commanded,RAW_DYNAMIC,MAE,4.046993,1490,camera
yaw,Run02,result_yaw/Run02,rate_leg,12,25.000000,CCW,camera_commanded,RAW_DYNAMIC,RMSE,5.069429,1490,camera
yaw,Run02,result_yaw/Run02,rate_leg,12,25.000000,CCW,camera_commanded,RAW_DYNAMIC,MaxAbs,20.161418,1490,camera
yaw,Run02,result_yaw/Run02,rate_leg,12,25.000000,CCW,camera_commanded,RAW_DYNAMIC,SD,5.071130,1490,camera
yaw,Run02,result_yaw/Run02,rate_leg,12,25.000000,CCW,gyro_commanded,RAW_DYNAMIC,Bias,0.014117,3525,imu
yaw,Run02,result_yaw/Run02,rate_leg,12,25.000000,CCW,gyro_commanded,RAW_DYNAMIC,MAE,1.404569,3525,imu
yaw,Run02,result_yaw/Run02,rate_leg,12,25.000000,CCW,gyro_commanded,RAW_DYNAMIC,RMSE,1.693202,3525,imu
yaw,Run02,result_yaw/Run02,rate_leg,12,25.000000,CCW,gyro_commanded,RAW_DYNAMIC,MaxAbs,3.987200,3525,imu
yaw,Run02,result_yaw/Run02,rate_leg,12,25.000000,CCW,gyro_commanded,RAW_DYNAMIC,SD,1.693384,3525,imu
yaw,Run02,result_yaw/Run02,rate_leg,12,25.000000,CCW,camera_gyro,RAW_DYNAMIC,Bias,-0.013400,3525,imu (camera rate interpolated onto gyro times)
yaw,Run02,result_yaw/Run02,rate_leg,12,25.000000,CCW,camera_gyro,RAW_DYNAMIC,MAE,3.037832,3525,imu (camera rate interpolated onto gyro times)
yaw,Run02,result_yaw/Run02,rate_leg,12,25.000000,CCW,camera_gyro,RAW_DYNAMIC,RMSE,3.871135,3525,imu (camera rate interpolated onto gyro times)
yaw,Run02,result_yaw/Run02,rate_leg,12,25.000000,CCW,camera_gyro,RAW_DYNAMIC,MaxAbs,19.920540,3525,imu (camera rate interpolated onto gyro times)
yaw,Run02,result_yaw/Run02,rate_leg,12,25.000000,CCW,camera_gyro,RAW_DYNAMIC,SD,3.871661,3525,imu (camera rate interpolated onto gyro times)
yaw,Run02,result_yaw/Run02,rate_leg,13,30.000000,CCW,camera_commanded,RAW_DYNAMIC,Bias,0.010414,1461,camera
yaw,Run02,result_yaw/Run02,rate_leg,13,30.000000,CCW,camera_commanded,RAW_DYNAMIC,MAE,4.933741,1461,camera
yaw,Run02,result_yaw/Run02,rate_leg,13,30.000000,CCW,camera_commanded,RAW_DYNAMIC,RMSE,6.109991,1461,camera
yaw,Run02,result_yaw/Run02,rate_leg,13,30.000000,CCW,camera_commanded,RAW_DYNAMIC,MaxAbs,23.580057,1461,camera
yaw,Run02,result_yaw/Run02,rate_leg,13,30.000000,CCW,camera_commanded,RAW_DYNAMIC,SD,6.112075,1461,camera
yaw,Run02,result_yaw/Run02,rate_leg,13,30.000000,CCW,gyro_commanded,RAW_DYNAMIC,Bias,0.011948,3526,imu
yaw,Run02,result_yaw/Run02,rate_leg,13,30.000000,CCW,gyro_commanded,RAW_DYNAMIC,MAE,2.289922,3526,imu
yaw,Run02,result_yaw/Run02,rate_leg,13,30.000000,CCW,gyro_commanded,RAW_DYNAMIC,RMSE,2.623407,3526,imu
yaw,Run02,result_yaw/Run02,rate_leg,13,30.000000,CCW,gyro_commanded,RAW_DYNAMIC,MaxAbs,7.627800,3526,imu
yaw,Run02,result_yaw/Run02,rate_leg,13,30.000000,CCW,gyro_commanded,RAW_DYNAMIC,SD,2.623752,3526,imu
yaw,Run02,result_yaw/Run02,rate_leg,13,30.000000,CCW,camera_gyro,RAW_DYNAMIC,Bias,-0.007195,3526,imu (camera rate interpolated onto gyro times)
yaw,Run02,result_yaw/Run02,rate_leg,13,30.000000,CCW,camera_gyro,RAW_DYNAMIC,MAE,3.696184,3526,imu (camera rate interpolated onto gyro times)
yaw,Run02,result_yaw/Run02,rate_leg,13,30.000000,CCW,camera_gyro,RAW_DYNAMIC,RMSE,4.533340,3526,imu (camera rate interpolated onto gyro times)
yaw,Run02,result_yaw/Run02,rate_leg,13,30.000000,CCW,camera_gyro,RAW_DYNAMIC,MaxAbs,22.395084,3526,imu (camera rate interpolated onto gyro times)
yaw,Run02,result_yaw/Run02,rate_leg,13,30.000000,CCW,camera_gyro,RAW_DYNAMIC,SD,4.533977,3526,imu (camera rate interpolated onto gyro times)
yaw,run01+run02,result_yaw/test1+test2,pooled_by_rate,,1.000000,magnitude,camera_commanded,RAW_DYNAMIC,MAE,1.518278,2840,camera
yaw,run01+run02,result_yaw/test1+test2,pooled_by_rate,,1.000000,magnitude,camera_commanded,RAW_DYNAMIC,RMSE,2.147882,2840,camera
yaw,run01+run02,result_yaw/test1+test2,pooled_by_rate,,1.000000,magnitude,camera_commanded,RAW_DYNAMIC,MaxAbs,13.284358,2840,camera
yaw,run01+run02,result_yaw/test1+test2,pooled_by_rate,,1.000000,magnitude,gyro_commanded,RAW_DYNAMIC,MAE,0.250082,7052,imu
yaw,run01+run02,result_yaw/test1+test2,pooled_by_rate,,1.000000,magnitude,gyro_commanded,RAW_DYNAMIC,RMSE,0.318208,7052,imu
yaw,run01+run02,result_yaw/test1+test2,pooled_by_rate,,1.000000,magnitude,gyro_commanded,RAW_DYNAMIC,MaxAbs,1.060899,7052,imu
yaw,run01+run02,result_yaw/test1+test2,pooled_by_rate,,1.000000,magnitude,camera_gyro,RAW_DYNAMIC,MAE,1.240435,7052,imu (camera rate interpolated onto gyro times)
yaw,run01+run02,result_yaw/test1+test2,pooled_by_rate,,1.000000,magnitude,camera_gyro,RAW_DYNAMIC,RMSE,1.750510,7052,imu (camera rate interpolated onto gyro times)
yaw,run01+run02,result_yaw/test1+test2,pooled_by_rate,,1.000000,magnitude,camera_gyro,RAW_DYNAMIC,MaxAbs,12.356534,7052,imu (camera rate interpolated onto gyro times)
yaw,run01+run02,result_yaw/test1+test2,pooled_by_rate,,5.000000,magnitude,camera_commanded,RAW_DYNAMIC,MAE,2.708655,2753,camera
yaw,run01+run02,result_yaw/test1+test2,pooled_by_rate,,5.000000,magnitude,camera_commanded,RAW_DYNAMIC,RMSE,3.630378,2753,camera
yaw,run01+run02,result_yaw/test1+test2,pooled_by_rate,,5.000000,magnitude,camera_commanded,RAW_DYNAMIC,MaxAbs,18.787158,2753,camera
yaw,run01+run02,result_yaw/test1+test2,pooled_by_rate,,5.000000,magnitude,gyro_commanded,RAW_DYNAMIC,MAE,1.660403,7054,imu
yaw,run01+run02,result_yaw/test1+test2,pooled_by_rate,,5.000000,magnitude,gyro_commanded,RAW_DYNAMIC,RMSE,1.973356,7054,imu
yaw,run01+run02,result_yaw/test1+test2,pooled_by_rate,,5.000000,magnitude,gyro_commanded,RAW_DYNAMIC,MaxAbs,4.457200,7054,imu
yaw,run01+run02,result_yaw/test1+test2,pooled_by_rate,,5.000000,magnitude,camera_gyro,RAW_DYNAMIC,MAE,1.990039,7054,imu (camera rate interpolated onto gyro times)
yaw,run01+run02,result_yaw/test1+test2,pooled_by_rate,,5.000000,magnitude,camera_gyro,RAW_DYNAMIC,RMSE,2.796590,7054,imu (camera rate interpolated onto gyro times)
yaw,run01+run02,result_yaw/test1+test2,pooled_by_rate,,5.000000,magnitude,camera_gyro,RAW_DYNAMIC,MaxAbs,19.007987,7054,imu (camera rate interpolated onto gyro times)
yaw,run01+run02,result_yaw/test1+test2,pooled_by_rate,,10.000000,magnitude,camera_commanded,RAW_DYNAMIC,MAE,5.994778,2902,camera
yaw,run01+run02,result_yaw/test1+test2,pooled_by_rate,,10.000000,magnitude,camera_commanded,RAW_DYNAMIC,RMSE,7.052519,2902,camera
yaw,run01+run02,result_yaw/test1+test2,pooled_by_rate,,10.000000,magnitude,camera_commanded,RAW_DYNAMIC,MaxAbs,27.040658,2902,camera
yaw,run01+run02,result_yaw/test1+test2,pooled_by_rate,,10.000000,magnitude,gyro_commanded,RAW_DYNAMIC,MAE,6.073036,6892,imu
yaw,run01+run02,result_yaw/test1+test2,pooled_by_rate,,10.000000,magnitude,gyro_commanded,RAW_DYNAMIC,RMSE,6.754373,6892,imu
yaw,run01+run02,result_yaw/test1+test2,pooled_by_rate,,10.000000,magnitude,gyro_commanded,RAW_DYNAMIC,MaxAbs,10.902800,6892,imu
yaw,run01+run02,result_yaw/test1+test2,pooled_by_rate,,10.000000,magnitude,camera_gyro,RAW_DYNAMIC,MAE,3.241734,6892,imu (camera rate interpolated onto gyro times)
yaw,run01+run02,result_yaw/test1+test2,pooled_by_rate,,10.000000,magnitude,camera_gyro,RAW_DYNAMIC,RMSE,4.225330,6892,imu (camera rate interpolated onto gyro times)
yaw,run01+run02,result_yaw/test1+test2,pooled_by_rate,,10.000000,magnitude,camera_gyro,RAW_DYNAMIC,MaxAbs,19.243185,6892,imu (camera rate interpolated onto gyro times)
yaw,run01+run02,result_yaw/test1+test2,pooled_by_rate,,15.000000,magnitude,camera_commanded,RAW_DYNAMIC,MAE,3.120054,2935,camera
yaw,run01+run02,result_yaw/test1+test2,pooled_by_rate,,15.000000,magnitude,camera_commanded,RAW_DYNAMIC,RMSE,4.192872,2935,camera
yaw,run01+run02,result_yaw/test1+test2,pooled_by_rate,,15.000000,magnitude,camera_commanded,RAW_DYNAMIC,MaxAbs,21.297653,2935,camera
yaw,run01+run02,result_yaw/test1+test2,pooled_by_rate,,15.000000,magnitude,gyro_commanded,RAW_DYNAMIC,MAE,1.413931,7050,imu
yaw,run01+run02,result_yaw/test1+test2,pooled_by_rate,,15.000000,magnitude,gyro_commanded,RAW_DYNAMIC,RMSE,1.691698,7050,imu
yaw,run01+run02,result_yaw/test1+test2,pooled_by_rate,,15.000000,magnitude,gyro_commanded,RAW_DYNAMIC,MaxAbs,3.974721,7050,imu
yaw,run01+run02,result_yaw/test1+test2,pooled_by_rate,,15.000000,magnitude,camera_gyro,RAW_DYNAMIC,MAE,2.444927,7050,imu (camera rate interpolated onto gyro times)
yaw,run01+run02,result_yaw/test1+test2,pooled_by_rate,,15.000000,magnitude,camera_gyro,RAW_DYNAMIC,RMSE,3.290916,7050,imu (camera rate interpolated onto gyro times)
yaw,run01+run02,result_yaw/test1+test2,pooled_by_rate,,15.000000,magnitude,camera_gyro,RAW_DYNAMIC,MaxAbs,19.219185,7050,imu (camera rate interpolated onto gyro times)
yaw,run01+run02,result_yaw/test1+test2,pooled_by_rate,,20.000000,magnitude,camera_commanded,RAW_DYNAMIC,MAE,5.875738,2837,camera
yaw,run01+run02,result_yaw/test1+test2,pooled_by_rate,,20.000000,magnitude,camera_commanded,RAW_DYNAMIC,RMSE,7.087785,2837,camera
yaw,run01+run02,result_yaw/test1+test2,pooled_by_rate,,20.000000,magnitude,camera_commanded,RAW_DYNAMIC,MaxAbs,22.894149,2837,camera
yaw,run01+run02,result_yaw/test1+test2,pooled_by_rate,,20.000000,magnitude,gyro_commanded,RAW_DYNAMIC,MAE,5.650437,7052,imu
yaw,run01+run02,result_yaw/test1+test2,pooled_by_rate,,20.000000,magnitude,gyro_commanded,RAW_DYNAMIC,RMSE,6.350657,7052,imu
yaw,run01+run02,result_yaw/test1+test2,pooled_by_rate,,20.000000,magnitude,gyro_commanded,RAW_DYNAMIC,MaxAbs,11.520899,7052,imu
yaw,run01+run02,result_yaw/test1+test2,pooled_by_rate,,20.000000,magnitude,camera_gyro,RAW_DYNAMIC,MAE,3.724143,7052,imu (camera rate interpolated onto gyro times)
yaw,run01+run02,result_yaw/test1+test2,pooled_by_rate,,20.000000,magnitude,camera_gyro,RAW_DYNAMIC,RMSE,4.681822,7052,imu (camera rate interpolated onto gyro times)
yaw,run01+run02,result_yaw/test1+test2,pooled_by_rate,,20.000000,magnitude,camera_gyro,RAW_DYNAMIC,MaxAbs,19.735352,7052,imu (camera rate interpolated onto gyro times)
yaw,run01+run02,result_yaw/test1+test2,pooled_by_rate,,25.000000,magnitude,camera_commanded,RAW_DYNAMIC,MAE,3.734791,2805,camera
yaw,run01+run02,result_yaw/test1+test2,pooled_by_rate,,25.000000,magnitude,camera_commanded,RAW_DYNAMIC,RMSE,4.752808,2805,camera
yaw,run01+run02,result_yaw/test1+test2,pooled_by_rate,,25.000000,magnitude,camera_commanded,RAW_DYNAMIC,MaxAbs,20.161418,2805,camera
yaw,run01+run02,result_yaw/test1+test2,pooled_by_rate,,25.000000,magnitude,gyro_commanded,RAW_DYNAMIC,MAE,1.564729,7052,imu
yaw,run01+run02,result_yaw/test1+test2,pooled_by_rate,,25.000000,magnitude,gyro_commanded,RAW_DYNAMIC,RMSE,1.888721,7052,imu
yaw,run01+run02,result_yaw/test1+test2,pooled_by_rate,,25.000000,magnitude,gyro_commanded,RAW_DYNAMIC,MaxAbs,5.253471,7052,imu
yaw,run01+run02,result_yaw/test1+test2,pooled_by_rate,,25.000000,magnitude,camera_gyro,RAW_DYNAMIC,MAE,2.902988,7052,imu (camera rate interpolated onto gyro times)
yaw,run01+run02,result_yaw/test1+test2,pooled_by_rate,,25.000000,magnitude,camera_gyro,RAW_DYNAMIC,RMSE,3.753529,7052,imu (camera rate interpolated onto gyro times)
yaw,run01+run02,result_yaw/test1+test2,pooled_by_rate,,25.000000,magnitude,camera_gyro,RAW_DYNAMIC,MaxAbs,19.920540,7052,imu (camera rate interpolated onto gyro times)
yaw,run01+run02,result_yaw/test1+test2,pooled_by_rate,,30.000000,magnitude,camera_commanded,RAW_DYNAMIC,MAE,4.737625,2816,camera
yaw,run01+run02,result_yaw/test1+test2,pooled_by_rate,,30.000000,magnitude,camera_commanded,RAW_DYNAMIC,RMSE,5.849067,2816,camera
yaw,run01+run02,result_yaw/test1+test2,pooled_by_rate,,30.000000,magnitude,camera_commanded,RAW_DYNAMIC,MaxAbs,23.854623,2816,camera
yaw,run01+run02,result_yaw/test1+test2,pooled_by_rate,,30.000000,magnitude,gyro_commanded,RAW_DYNAMIC,MAE,2.333660,7053,imu
yaw,run01+run02,result_yaw/test1+test2,pooled_by_rate,,30.000000,magnitude,gyro_commanded,RAW_DYNAMIC,RMSE,2.682135,7053,imu
yaw,run01+run02,result_yaw/test1+test2,pooled_by_rate,,30.000000,magnitude,gyro_commanded,RAW_DYNAMIC,MaxAbs,8.238399,7053,imu
yaw,run01+run02,result_yaw/test1+test2,pooled_by_rate,,30.000000,magnitude,camera_gyro,RAW_DYNAMIC,MAE,3.637540,7053,imu (camera rate interpolated onto gyro times)
yaw,run01+run02,result_yaw/test1+test2,pooled_by_rate,,30.000000,magnitude,camera_gyro,RAW_DYNAMIC,RMSE,4.478012,7053,imu (camera rate interpolated onto gyro times)
yaw,run01+run02,result_yaw/test1+test2,pooled_by_rate,,30.000000,magnitude,camera_gyro,RAW_DYNAMIC,MaxAbs,22.395084,7053,imu (camera rate interpolated onto gyro times)
yaw,run01+run02,result_yaw/test1+test2,pooled_total,,ALL,magnitude,camera_commanded,RAW_DYNAMIC,MAE,3.962679,19888,camera
yaw,run01+run02,result_yaw/test1+test2,pooled_total,,ALL,magnitude,camera_commanded,RAW_DYNAMIC,RMSE,5.247050,19888,camera
yaw,run01+run02,result_yaw/test1+test2,pooled_total,,ALL,magnitude,camera_commanded,RAW_DYNAMIC,MaxAbs,27.040658,19888,camera
yaw,run01+run02,result_yaw/test1+test2,pooled_total,,ALL,magnitude,gyro_commanded,RAW_DYNAMIC,MAE,2.695667,49205,imu
yaw,run01+run02,result_yaw/test1+test2,pooled_total,,ALL,magnitude,gyro_commanded,RAW_DYNAMIC,RMSE,3.833468,49205,imu
yaw,run01+run02,result_yaw/test1+test2,pooled_total,,ALL,magnitude,gyro_commanded,RAW_DYNAMIC,MaxAbs,11.520899,49205,imu
yaw,run01+run02,result_yaw/test1+test2,pooled_total,,ALL,magnitude,camera_gyro,RAW_DYNAMIC,MAE,2.738627,49205,imu (camera rate interpolated onto gyro times)
yaw,run01+run02,result_yaw/test1+test2,pooled_total,,ALL,magnitude,camera_gyro,RAW_DYNAMIC,RMSE,3.694289,49205,imu (camera rate interpolated onto gyro times)
yaw,run01+run02,result_yaw/test1+test2,pooled_total,,ALL,magnitude,camera_gyro,RAW_DYNAMIC,MaxAbs,22.395084,49205,imu (camera rate interpolated onto gyro times)
yaw,run01+run02,result_yaw/test1+test2,pooled_by_rate,,1.000000,magnitude,camera_commanded,SG_SECONDARY,MAE,0.035513,2840,camera
yaw,run01+run02,result_yaw/test1+test2,pooled_by_rate,,1.000000,magnitude,camera_commanded,SG_SECONDARY,RMSE,0.053807,2840,camera
yaw,run01+run02,result_yaw/test1+test2,pooled_by_rate,,1.000000,magnitude,camera_commanded,SG_SECONDARY,MaxAbs,0.414242,2840,camera
yaw,run01+run02,result_yaw/test1+test2,pooled_by_rate,,5.000000,magnitude,camera_commanded,SG_SECONDARY,MAE,0.036643,2753,camera
yaw,run01+run02,result_yaw/test1+test2,pooled_by_rate,,5.000000,magnitude,camera_commanded,SG_SECONDARY,RMSE,0.048673,2753,camera
yaw,run01+run02,result_yaw/test1+test2,pooled_by_rate,,5.000000,magnitude,camera_commanded,SG_SECONDARY,MaxAbs,0.262021,2753,camera
yaw,run01+run02,result_yaw/test1+test2,pooled_by_rate,,10.000000,magnitude,camera_commanded,SG_SECONDARY,MAE,0.027245,2902,camera
yaw,run01+run02,result_yaw/test1+test2,pooled_by_rate,,10.000000,magnitude,camera_commanded,SG_SECONDARY,RMSE,0.041519,2902,camera
yaw,run01+run02,result_yaw/test1+test2,pooled_by_rate,,10.000000,magnitude,camera_commanded,SG_SECONDARY,MaxAbs,0.270948,2902,camera
yaw,run01+run02,result_yaw/test1+test2,pooled_by_rate,,15.000000,magnitude,camera_commanded,SG_SECONDARY,MAE,0.024300,2935,camera
yaw,run01+run02,result_yaw/test1+test2,pooled_by_rate,,15.000000,magnitude,camera_commanded,SG_SECONDARY,RMSE,0.032444,2935,camera
yaw,run01+run02,result_yaw/test1+test2,pooled_by_rate,,15.000000,magnitude,camera_commanded,SG_SECONDARY,MaxAbs,0.147282,2935,camera
yaw,run01+run02,result_yaw/test1+test2,pooled_by_rate,,20.000000,magnitude,camera_commanded,SG_SECONDARY,MAE,0.028984,2837,camera
yaw,run01+run02,result_yaw/test1+test2,pooled_by_rate,,20.000000,magnitude,camera_commanded,SG_SECONDARY,RMSE,0.038530,2837,camera
yaw,run01+run02,result_yaw/test1+test2,pooled_by_rate,,20.000000,magnitude,camera_commanded,SG_SECONDARY,MaxAbs,0.146195,2837,camera
yaw,run01+run02,result_yaw/test1+test2,pooled_by_rate,,25.000000,magnitude,camera_commanded,SG_SECONDARY,MAE,0.024964,2805,camera
yaw,run01+run02,result_yaw/test1+test2,pooled_by_rate,,25.000000,magnitude,camera_commanded,SG_SECONDARY,RMSE,0.035991,2805,camera
yaw,run01+run02,result_yaw/test1+test2,pooled_by_rate,,25.000000,magnitude,camera_commanded,SG_SECONDARY,MaxAbs,0.173623,2805,camera
yaw,run01+run02,result_yaw/test1+test2,pooled_by_rate,,30.000000,magnitude,camera_commanded,SG_SECONDARY,MAE,0.025505,2816,camera
yaw,run01+run02,result_yaw/test1+test2,pooled_by_rate,,30.000000,magnitude,camera_commanded,SG_SECONDARY,RMSE,0.040626,2816,camera
yaw,run01+run02,result_yaw/test1+test2,pooled_by_rate,,30.000000,magnitude,camera_commanded,SG_SECONDARY,MaxAbs,0.355144,2816,camera
yaw,run01+run02,result_yaw/test1+test2,pooled_total,,ALL,magnitude,camera_commanded,SG_SECONDARY,MAE,0.028972,19888,camera
yaw,run01+run02,result_yaw/test1+test2,pooled_total,,ALL,magnitude,camera_commanded,SG_SECONDARY,RMSE,0.042147,19888,camera
yaw,run01+run02,result_yaw/test1+test2,pooled_total,,ALL,magnitude,camera_commanded,SG_SECONDARY,MaxAbs,0.414242,19888,camera
yaw,Run01,result_yaw/Run01,rate_leg,,1.000000,CW,camera_commanded,DISPLACEMENT_SCALE,scale_error_percent,-0.1976,,camera
yaw,Run01,result_yaw/Run01,rate_leg,,5.000000,CW,camera_commanded,DISPLACEMENT_SCALE,scale_error_percent,0.0217,,camera
yaw,Run01,result_yaw/Run01,rate_leg,,10.000000,CW,camera_commanded,DISPLACEMENT_SCALE,scale_error_percent,0.0536,,camera
yaw,Run01,result_yaw/Run01,rate_leg,,15.000000,CW,camera_commanded,DISPLACEMENT_SCALE,scale_error_percent,-0.0013,,camera
yaw,Run01,result_yaw/Run01,rate_leg,,20.000000,CW,camera_commanded,DISPLACEMENT_SCALE,scale_error_percent,0.0251,,camera
yaw,Run01,result_yaw/Run01,rate_leg,,25.000000,CW,camera_commanded,DISPLACEMENT_SCALE,scale_error_percent,-0.0144,,camera
yaw,Run01,result_yaw/Run01,rate_leg,,30.000000,CW,camera_commanded,DISPLACEMENT_SCALE,scale_error_percent,0.0067,,camera
yaw,Run02,result_yaw/Run02,rate_leg,,1.000000,CCW,camera_commanded,DISPLACEMENT_SCALE,scale_error_percent,-0.2518,,camera
yaw,Run02,result_yaw/Run02,rate_leg,,5.000000,CCW,camera_commanded,DISPLACEMENT_SCALE,scale_error_percent,-0.0140,,camera
yaw,Run02,result_yaw/Run02,rate_leg,,10.000000,CCW,camera_commanded,DISPLACEMENT_SCALE,scale_error_percent,0.0274,,camera
yaw,Run02,result_yaw/Run02,rate_leg,,15.000000,CCW,camera_commanded,DISPLACEMENT_SCALE,scale_error_percent,-0.0326,,camera
yaw,Run02,result_yaw/Run02,rate_leg,,20.000000,CCW,camera_commanded,DISPLACEMENT_SCALE,scale_error_percent,0.0083,,camera
yaw,Run02,result_yaw/Run02,rate_leg,,25.000000,CCW,camera_commanded,DISPLACEMENT_SCALE,scale_error_percent,0.0202,,camera
yaw,Run02,result_yaw/Run02,rate_leg,,30.000000,CCW,camera_commanded,DISPLACEMENT_SCALE,scale_error_percent,-0.0088,,camera
